synID,x,y,frame,frameRelat,timeFromLast,distFromLast
58506,21.01544156606587,20.0624993068723,114,10,,
58506,21.12796401799393,21.599429703029234,275,11,8050,133.5571392117184
58506,18.5022609073175,23.05089424678047,355,11,4000,260.0153994477082
58506,21.937249994108388,20.686601660367806,448,4,4650,361.4013453108446
58506,22.86043234512367,21.276983132695076,497,13,2450,94.97084773755869
58506,21.615615195145306,21.251540877018673,561,17,3200,107.90668409900448
58506,20.12507798675817,22.18374528113184,571,7,500,152.36350558774902
58506,20.4577583050878,20.484953236743163,583,19,600,150.02524707879252
58506,21.56694859715624,21.287152733035395,606,2,1150,118.63609830290925
58506,21.410478231242596,20.947294168245676,612,8,300,32.42617083669921
58506,21.406492734822436,20.011499377569567,723,19,5550,81.10295072863751
58506,24.492223650018445,22.67895065013084,806,2,4150,353.50048472385384
58506,23.091725273259673,20.910278269501816,929,5,6150,195.52118500372376
58506,20.567313215729573,19.36056054070736,1305,1,18800,256.7189155043746
58506,18.76347375154241,23.789263611940893,1568,4,13150,414.4374962800857
58506,19.669105147852907,23.485589067241577,1590,6,1100,82.78306614514206
58506,21.491714340168013,23.192405358754193,1623,19,1650,159.99006932611448
58506,21.220626884008368,19.81962999225907,1657,13,1700,293.24985568330317
58506,22.438264218776443,19.373632458459532,1660,16,150,112.38479671414765
58506,22.887714952872777,21.35619373280927,1665,1,250,176.18195437285067
58506,19.212267808800295,22.534365778460845,1688,4,1150,334.50415590750237
58506,21.503880030045956,22.719914556526795,1725,1,1850,199.2563532238047
58506,18.895065402637933,17.375486642285583,1734,10,450,515.4213452195349
58506,23.112123786686844,22.351457528280022,1885,1,7550,565.2890563122282
58506,24.19875974378024,24.08480963165263,1905,1,1000,177.30244590152898
58506,24.97852434348485,23.157606647574255,1933,9,1400,104.99687965385553
58506,23.842038437261998,23.729593311881246,2096,12,8150,110.26673802956341
58506,23.878893769945176,23.839914004339004,2102,18,300,10.080555658475381
58506,22.947026065044525,24.560831194943827,2123,19,1050,102.10859873677722
58506,17.973791590248435,18.798083117286907,2327,3,10200,659.7054287612774
35877,20.57510258095863,21.071470558437596,81,17,,
35877,21.434285454171807,20.105737032358913,205,1,6200,112.02606057115483
35877,21.641971884120164,21.482342639823653,225,1,1000,120.65595792910644
35877,22.591118414876,21.388749825399422,276,12,2550,82.65831921485227
35877,23.08527115337411,20.737834538984146,306,2,1500,70.82727691760515
35877,21.68073041379453,22.067571742760645,326,2,1000,167.626322080671
35877,20.699812857968723,22.56781081852036,461,17,6750,95.42934254952355
35877,20.515594963265137,22.676601936386707,474,10,650,18.54175356612038
35877,20.706523647913258,21.3260014923209,585,1,5550,118.21585331556192
35877,20.144483212108412,22.021287519888467,598,14,650,77.48368914011837
35877,19.553739633650906,20.16677216936669,640,16,2100,168.68203779456212
35877,21.445781702748206,20.427049591044696,718,14,3900,165.52125236386738
35877,23.09453381592835,20.82147458579485,725,1,350,146.9237638469906
35877,20.663033877065253,19.992820787603108,777,13,2600,222.63145258689107
35877,20.943140269238427,20.952177227153374,832,8,2750,86.61570767687685
35877,23.515935492158434,21.021578769452194,919,15,4350,223.0566963106451
35877,19.2740915281988,19.683840353747758,998,14,3950,385.47463060492316
35877,20.7705654087098,19.846019564015577,1120,16,6100,130.45380841914246
35877,19.76138893016347,19.71538085788482,1131,7,550,88.19173923270854
35877,20.919384729029105,20.789489263900624,1207,3,3800,136.88568959096432
35877,21.79357127034602,21.635169113624354,1449,5,12100,105.41233986693017
35877,20.932607814434313,23.370530715517965,1521,17,3600,167.89053517554305
35877,20.9967849402896,20.145230235330324,1552,8,1550,279.5813727363668
35877,22.083109133198207,22.47780675609352,1571,7,950,223.0048607009984
35877,21.261795080992464,23.521833244552994,1669,5,4900,115.1247875001542
35877,20.963045181168233,23.799386674463904,1744,20,3750,35.34123945380419
35877,21.809309028809675,23.350306899092857,1770,6,1300,83.02988469107656
35877,21.314962048909994,23.991053084654606,1774,10,200,70.13762636838126
35877,21.625888723145668,23.65775658500519,1780,16,300,39.50345702432641
35877,21.43641055978346,23.207035773400754,1805,1,1250,42.37381629909165
35877,21.51162734555946,22.83631832959351,1861,17,2800,32.783491084467805
35877,23.218756887778234,23.21924140952752,1975,11,5700,151.62757147131788
35877,22.623383479476818,24.050542040029683,1999,15,1200,88.61768308011915
35877,22.254770669827145,23.38679396359984,2064,20,3250,65.80031685028821
35877,21.11760307547994,18.910362544429915,2149,5,4250,400.27981532922115
35877,21.96823440750801,20.80934204709221,2170,6,1050,180.33533722368261
35877,22.92887699832512,21.426245889490918,2194,10,1200,98.94451125798155
35877,23.488700459581548,22.219069240622677,2208,4,700,84.11450618307917
35877,21.110055157247093,19.088572429647222,2245,1,1850,340.7440143813306
35877,22.726207120471738,20.405161453612454,2250,6,250,180.66110651198602
93713,21.182938311145044,22.764145082182424,130,6,,
93713,19.093512467358412,21.908670456826023,366,2,11800,195.67362683041074
93713,18.4228630872339,20.270434216733378,419,15,2650,153.4168567054428
93713,23.03430184599609,22.51232573611244,492,8,3650,444.3849285758549
93713,18.965711939154954,22.770164623141557,646,2,7700,353.31848383699645
93713,18.73172818578561,20.10619370960071,789,5,7150,231.7663299130289
93713,19.285391380584183,19.744531257818235,806,2,850,57.31430301585766
93713,21.57264063533478,22.306596176159736,954,10,7400,297.65534879991094
93713,18.191440774899476,19.974292176558855,969,5,750,355.9896440957408
93713,17.769964945192694,20.25906585446492,977,13,400,44.084116025174495
93713,23.047793378039046,21.793832546370602,995,11,900,476.35915107589983
93713,23.626545788718097,21.628845555618412,1097,13,5100,52.156851105250155
93713,22.411928005959933,21.747139227679074,1132,8,1750,105.7649317908121
93713,22.337064561345546,22.10484017714081,1139,15,350,31.672428440680612
93713,22.233484995194253,20.90436017507021,1145,1,300,104.42815341134856
93713,22.479937941855898,20.686299719677763,1205,1,3000,28.51970974917329
93713,21.065726583632564,19.684345755454565,1207,3,100,150.2087483106137
93713,20.810021065690652,20.40427531388081,1228,4,1050,66.21264595202862
93713,18.421149543300785,21.10718842555874,1272,8,2200,215.81207718508048
93713,19.016634646271626,20.773883903195696,1312,8,2000,59.142898779311174
93713,18.544392324908838,20.817550758584726,1337,13,1250,41.10226440608309
93713,18.664542871076872,19.271826500032823,1404,20,3350,134.366867392595
93713,18.880127008825276,20.437962333231113,1576,12,8600,102.77765256970059
93713,19.615867308976735,19.844903990088607,1623,19,2350,81.90032042015842
93713,21.7339500869859,19.489928460938497,1668,4,2250,186.12728087751097
93713,21.391718070886693,19.67919805946471,1673,9,250,33.8938401529525
93713,22.5389028963151,20.723119385661782,1711,7,1900,134.42569269434932
93713,21.29369926945514,21.560744914693537,1738,14,1350,130.06205583319354
93713,20.065458053977526,20.854232078301436,1775,11,1850,122.80201432731202
93713,20.406225108506472,20.82767564734871,1826,2,2550,29.622690688547415
93713,19.814063878099855,19.727306733688913,1907,3,4050,108.29750526557083
93713,20.160053257207917,20.797690746040526,1928,4,1050,97.49251110971326
93713,20.53389759013652,19.29456447975613,1979,15,2550,134.23959320624644
93713,21.835037548071387,19.394666046603923,2000,16,1050,113.09868882933911
93713,19.647593020473963,19.371604048797973,2085,1,4250,189.5890615085309
93713,20.586155818950235,20.367792499416467,2114,10,1450,118.6191427187871
93713,21.500157987729303,20.531826038554485,2125,1,550,80.47908695573638
93713,20.835830351443644,20.554598844487614,2128,4,150,57.60887961065263
93713,20.611339618165026,19.640770773211294,2135,11,350,81.55318750021475
93713,21.285535085704208,20.302234634221627,2187,3,2600,81.85637844434856
93713,21.212949551469855,21.371713902771805,2205,1,900,92.90143440895777
93713,20.420221036553006,20.872417828823973,2215,11,500,81.19492224460471
93713,21.92266895002571,20.82077304708002,2235,11,1000,130.2890562189228
93713,21.82844807113636,21.65080962044083,2269,5,1700,72.39848694731259
93713,20.923946121469726,18.834703186591092,2277,13,400,256.3426429873184
93713,21.285668770145303,19.60443926046541,2281,17,200,73.70931970624022
93713,22.43042756670095,20.993825845701576,2330,6,2450,156.0208897343702
93713,21.208871018938982,21.912278336703775,2349,5,950,132.45421159627608
93713,21.18160961689917,21.119679987893385,2352,8,150,68.73247661661506
93713,21.416103522838675,21.231656305017072,2387,3,1750,22.521011217448752
74982,18.280462873860504,18.966407685180428,365,1,,
74982,20.254192984383465,21.982624077452297,472,8,5350,312.39903590254363
74982,20.000764027958287,20.864210834197497,492,8,1000,99.38646828317968
74982,22.889504730806976,22.866003083147795,605,1,5650,304.5935116042456
74982,20.142411078307063,21.09788141099069,608,4,150,283.1332191627997
74982,21.713602758526758,22.80020329987154,625,1,850,200.77027065013627
74982,21.023460349043944,22.356923457340944,630,6,250,71.08746173026181
74982,23.18968761787302,21.547220020115937,679,15,2450,200.4261105150037
74982,21.91013711975692,22.167263541696194,743,19,3200,123.22840263405969
74982,23.138973980070396,21.83417472580308,781,17,1900,110.34229648647343
74982,23.54418850103543,22.419005244771647,786,2,250,61.66292490346591
74982,23.454232618677068,21.420366498504663,866,2,4000,86.89911588029969
74982,23.944132232825936,21.119641623380033,873,9,350,49.819169419039596
74982,23.268613189974815,21.60871921185348,875,11,100,72.27827832649551
74982,23.13431412553242,21.28241239261055,878,14,150,30.581470097704155
74982,23.672489095914035,21.483904327516882,883,19,250,49.80365424326297
74982,23.503592345764968,21.70973757368487,890,6,350,24.440425229325907
74982,18.63998924623269,19.47380558731827,1065,1,8750,463.92195492139
74982,23.567864621249385,21.988835110415625,1111,7,2300,479.4893875374456
74982,22.815516244494088,23.428529730465325,1132,8,1050,140.7832892154271
74982,23.23791572075951,22.164473077033417,1156,12,1200,115.50623482301768
74982,19.369893883264893,20.914211521257727,1225,1,3450,352.30556339306827
74982,21.036078170543203,20.568853553024773,1257,13,1600,147.47199096955106
74982,19.168216687711254,18.969799951614313,1422,18,8250,213.09919867725944
74982,21.381271345461276,20.188237221560716,1475,11,2650,218.94614766885414
74982,22.194665042770463,20.3623416682033,1526,2,2550,72.09091834083225
74982,18.68281147102151,18.660910138967818,1533,9,350,338.1997716088288
74982,17.779256522850805,19.646400117339017,1567,3,1700,115.87440424296899
74982,20.310768273367948,19.211542317390872,1647,3,4000,222.61110737105614
74982,21.58937063221692,19.545740656984798,1684,20,1850,114.53492747412356
74982,20.282196927210173,19.548308159591596,1748,4,3200,113.2886062967967
74982,19.40292605722925,20.496791585019515,1797,13,2450,112.08979218413032
74982,21.93865211393531,19.99493713961758,1835,11,1900,224.02561398352915
74982,21.339929521965242,20.59712383015602,1843,19,400,73.59513460823393
74982,23.079473057245128,22.269963627236546,1885,1,2100,209.1596300472014
74982,22.298204264888735,22.73803978957608,1900,16,750,78.93217373096094
74982,22.508490196058883,23.082255559007066,1933,9,1650,34.958444551366874
74982,22.641581441930494,21.815702474093168,1965,1,1600,110.37230518787146
74982,18.722431779458166,18.18436772328742,1996,12,1550,463.0492711592976
74982,22.848608837427783,19.76088906487825,2031,7,1750,382.8151787633203
74982,20.828323004048926,19.078716716495247,2232,8,10050,184.80361462133513
74982,21.098918967055663,19.046002216677255,2245,1,650,23.62241676813369
74982,22.518094665607755,20.204255756020533,2271,7,1300,158.75883125529128
74982,20.820820983386497,18.867153784125684,2294,10,1150,187.25976709936208
74982,23.374862066655528,20.243391099987644,2353,9,2950,251.44022446492696
74982,21.656622026236523,18.94517856968778,2358,14,250,186.63953125925906
74982,23.751887367137655,21.408903454970503,2373,9,750,280.2977020475156
74982,23.020346678942516,20.17981643436415,2383,19,500,123.96080552204225
74982,24.01846329976937,21.04381404875898,2404,20,1050,114.41078904644543
74982,23.39383192459915,19.845350338091546,2409,5,250,117.12767125133352
74982,24.21268626559228,19.878801089693003,2428,4,950,71.02656591829175
74982,22.89780352624838,18.761762738839693,2433,9,250,149.52678376795825
74982,22.973610736360673,19.119897625542244,2440,16,350,31.726076761455282
74982,23.97061798937551,19.99270051943434,2450,6,500,114.83932966472042
74982,22.996959932007655,18.822587447777128,2455,11,250,131.92632786196845
74982,21.556230074790502,19.713081799049476,2458,14,150,146.78894572065954
74982,23.526364763601027,19.764533374101802,2492,8,1700,170.8032233198913
74982,21.76814358095573,18.96938701079408,2497,13,250,167.2374638763186
74982,19.906588807895226,18.20499207844132,2499,15,100,174.4065362925428
74982,22.97607886163995,19.52019758369465,2526,2,1350,289.41391859131926
74982,21.069496051787723,18.630083698833303,2537,13,550,182.3578855943735
74982,20.617409914726842,18.58998241340692,2580,16,2150,39.334637290372314
74982,19.467876932703184,18.08073479718783,2586,2,300,108.96448080280709
74982,20.485332579870786,19.375826742324076,2605,1,950,142.7365832904787
74982,21.544855735561626,19.34818463601529,2620,16,750,91.85658512393192
74982,19.82047740344441,19.40118482599052,2623,19,150,149.5166956500929
74982,20.504347413175193,19.5945101052461,2658,14,1750,61.591461274586315
74982,23.13389393377004,19.873279304124615,2667,3,450,229.1711046131714
74982,21.455188622352832,19.358573669273955,2685,1,900,152.1727829100891
51518,18.379811813016627,19.962508113805757,262,18,,
51518,24.141726248316576,17.250237709407198,278,14,800,551.9249389933675
51518,17.556770926416913,22.752017107775014,414,10,6800,743.6748100738223
51518,19.258511939847818,21.005855459944673,621,17,10350,211.31393214180903
51518,21.04344011751565,23.117019695180065,730,6,5450,239.59819435966554
51518,19.853818202168608,23.207357073068415,732,8,100,103.39740663429363
51518,18.86419206660251,23.33619398595257,740,16,400,86.4913723829851
51518,21.933708244246045,22.135318983838737,765,1,1250,285.6587806536883
51518,18.879008922723212,22.506773439948407,805,1,2000,266.69075845180754
51518,20.614728327656977,22.027178644336313,813,9,400,156.0657810723085
51518,19.037555998657133,23.67856969042408,1198,14,19250,197.90698996986964
51518,19.233364797234128,22.06359100555794,1211,7,650,140.98983938979296
51518,21.25931428084495,20.726102553941622,1332,8,6050,210.39387263481117
51518,17.83056710321879,20.676561102802733,1356,12,1200,297.189105843759
51518,19.698092247167846,21.986226573231004,1422,18,3300,197.68501022290474
51518,24.61090021431032,18.861006679441385,1462,18,2000,504.6254133120539
51518,19.32842692090923,22.24235765087515,1499,15,1850,543.5738479683223
51518,19.20696765850046,23.792988484763068,1502,18,150,134.79963875445682
51518,19.842869949495217,23.300274540506866,1507,3,250,69.71894355039254
51518,18.81855791242872,24.415703320839075,1538,14,1550,131.24768962928906
51518,17.540056219103704,23.276298116223067,1602,18,3200,148.42057737296932
51518,19.593352536424646,24.050945499569657,1604,20,100,190.19541210229713
51518,19.483064691538807,24.05346097370298,1641,17,1850,9.560765755955453
51518,18.88836204801673,22.64682993056748,1704,20,3150,132.35569571716934
51518,20.08649227637797,21.29442583278203,1715,11,550,156.58901310139558
51518,20.44279582484227,21.813231220056227,1746,2,1550,54.54572027154802
51518,19.439432518119467,21.747960021323955,1765,1,950,87.14195444160745
51518,20.185657620791897,21.531883610050674,1777,13,600,67.32950991555879
51518,20.638183097888305,23.75809068089216,1862,18,4250,196.88364886872512
51518,23.795686247686287,21.09387476817026,1928,4,3300,358.04844268331595
51518,21.003981188229126,23.3980189271899,1943,19,750,313.71295217321574
51518,22.277261750780262,20.935228349436752,1973,9,1500,240.28059141317786
51518,21.90004432809942,21.760349453908827,1978,14,250,78.62906212852114
51518,21.763219617826845,23.1235597209999,1998,14,1000,118.73849632903082
51518,22.51617779470315,21.594397299493142,2007,3,450,147.72240482186518
51518,23.921989799412295,21.760177254207548,2085,1,3900,122.68126276001884
51518,24.209274145885082,20.945972854759482,2105,1,1000,74.82807728169692
51518,24.424485867664302,17.39242432072678,2154,10,2450,308.53848544005723
51518,24.445536883624676,18.484708738896483,2168,4,700,94.68222849344964
51518,26.75338152656893,17.702938484125728,2265,1,4850,211.1771941599575
51518,19.48428665661096,22.076750319067582,2352,8,4350,735.2376777647897
51518,19.208191189247632,21.150538142404738,2375,11,1150,83.7622327669111
51518,20.12589184102971,22.226942536323875,2395,11,1000,122.5903264326649
50024,21.71768978370958,22.099732387124668,441,17,,
50024,22.988207878765532,18.68246976758277,482,18,2050,315.9698373011309
50024,17.84645067761001,22.38551865600057,679,15,9850,549.1565351973611
50024,21.40461416002416,21.466719174835912,765,1,4300,318.48932689986543
50024,21.50979922770889,21.310129601176996,1120,16,17750,16.34860323518837
50024,22.164572196373094,22.375124134881812,1177,13,2850,108.34862016167915
50024,21.99032846097954,19.859538137239863,1209,5,1600,218.53982201620602
50024,21.13409292620114,22.259803626050655,1234,10,1250,220.86254313658313
50024,21.14138705426172,23.698942715649103,1238,14,200,124.72698976813074
50024,23.983374918677207,19.05192659852363,1510,6,13600,472.0880094322428
50024,19.058581073426723,20.962930000284373,1575,11,3250,457.82259072163816
50024,17.863957959579636,21.289905940581157,1627,3,2600,107.34210373988476
50024,23.455193202387495,20.4974053691086,1637,13,500,489.41710044400855
50024,21.831589510512085,19.934343699531944,1664,20,1350,148.93377040386878
50024,22.146481975312284,19.051579798555668,1668,4,200,81.22795452143322
50024,23.443385644678514,19.369472472401252,1693,9,1250,115.72563620128977
50024,22.73340545739923,21.881410353763357,1747,3,2700,226.22994593599088
50024,22.82956095773076,19.087148582749204,1778,14,1550,242.31269591702568
50024,20.388220808799854,21.55896064941953,1860,16,4100,301.0964723994628
50024,21.944292300960207,22.239412817150846,1885,1,1250,147.18984647606382
50024,22.20446377664011,20.931508941826404,1905,1,1000,115.57258319822698
50024,22.089652758489272,19.824230412294813,1911,7,300,96.47862070663469
50024,22.379899529771254,20.32991407394377,1919,15,400,50.53188080973766
50024,22.219219188075225,19.97971645439417,1924,20,250,33.39271783277396
50024,21.032377764883297,22.336641758362944,2066,2,7100,228.70296285671907
50024,22.768196257288796,24.369254418302944,2087,3,1050,231.6543431545629
50024,22.655267882046893,22.36677255518356,2099,15,600,173.82417766615774
50024,22.61036509544688,22.07622830553148,2105,1,300,25.47944303534542
50024,23.519982125031074,19.888702057517367,2126,2,1050,205.32272096363445
50024,23.866646112466732,19.67793591329891,2129,5,150,35.16128592450791
50024,23.604133149694864,19.71705631428815,2150,6,1050,23.002362174411715
50024,21.60472835450421,22.382433679684155,2178,14,1400,288.76854783445486
50024,23.20102195141893,19.242826462534943,2216,12,1900,305.24987626634703
50024,23.94442726981271,19.966530285690304,2224,20,400,89.91635095159342
50024,21.965753062978077,21.006940906453803,2285,1,3050,193.74615616473656
50024,20.53881533806559,20.636310820310197,2293,9,400,127.7714157616585
50024,21.60713258782361,20.26190677577794,2306,2,650,98.1088154976817
50024,19.680011129085266,20.26670079053485,2323,19,850,167.01770987705106
50024,19.12919562830672,20.88093726168697,2326,2,150,71.50310724192643
50024,18.602062563664123,19.74543067007095,2373,9,2350,108.49768423086385
50024,20.26179217804687,19.926933698715555,2386,2,650,144.70078406345198
50024,19.519114568277846,20.686708286596357,2397,13,550,92.08011973605572
50024,22.963935991212118,20.474471620980275,2413,9,800,299.1172789277325
50024,22.89593545485852,22.69685987952628,2567,3,7700,192.69712399962003
50024,20.7903931203063,19.215669029351936,2586,2,950,352.59594159068763
50024,21.636642655961364,19.232972609211316,2591,7,250,73.35695670708886
50024,22.08744922774482,18.79700928269607,2595,11,200,54.3511664974552
50024,22.12736559059035,18.781625930414165,2603,19,400,3.7074330142533634
50024,20.502435013162923,19.52608195357042,2615,11,600,154.9035243364092
50024,22.117157358962423,19.2306852032786,2623,19,400,142.26505567724521
50024,23.01567869541919,18.398549971363483,2626,2,150,106.13711227115807
50024,22.267076598344705,19.082374388392402,2632,8,300,87.872518188745
50024,22.298760513250166,18.590018330642533,2645,1,650,42.75911989182467
50024,22.499281529794803,18.753797359074845,2649,5,200,22.438508517403026
50024,23.51949326707176,18.73689096371497,2659,15,500,88.43049015377046
50024,22.979235652457717,18.650020644487384,2663,19,200,47.42375470602404
50024,23.517924288196568,18.258406286932175,2665,1,100,57.7194307636011
50024,22.753032876177254,19.428539910354775,2675,11,500,121.15589500672365
48628,21.27354143690561,21.86483741910812,184,20,,
48628,21.70872545279111,21.46140626421941,188,4,200,51.429333750944096
48628,21.170929611898227,22.470209357363636,202,18,700,99.07740183648076
48628,20.959875027029245,23.127738806991744,205,1,150,59.84953114896495
48628,22.343449212628318,18.514697817585294,246,2,2050,417.39178364872976
48628,22.126786571050978,17.987237857488385,268,4,1100,49.41951209326083
48628,22.641232006619955,19.700802240657367,272,8,200,155.05722717670338
48628,22.656376141990826,18.688586767087894,367,3,4750,87.7351588338609
48628,22.748156155038853,19.09971512084292,381,17,700,36.5081822765094
48628,22.989556032910397,19.177668320434766,385,1,200,21.985097780438476
48628,22.614489117404,17.626260844136812,494,10,5450,138.3288061776309
48628,20.935959438829954,18.843657844411865,546,2,2600,179.7057385028717
48628,21.215028867733196,19.193441087600846,612,8,3300,38.78060380513658
48628,20.991528340226683,19.207564632355037,614,10,100,19.408682241314484
48628,21.941008269073688,17.85655901729469,634,10,1000,143.1110033688901
48628,18.807379039698315,21.727240642116982,640,16,300,431.6122548749625
48628,21.55253412690047,18.704434207685562,663,19,1150,353.884899529562
48628,21.944914010422693,18.707503125575492,692,8,1450,34.00729668189727
48628,22.545001955427324,18.24077536752743,748,4,2800,65.88606926655686
48628,20.97902443332378,19.773676052631732,762,18,700,189.91809329420914
48628,20.83049255092336,19.155996528639577,780,16,900,55.05821635800553
48628,21.32681232557254,21.337160229438936,859,15,3950,193.86634812196945
48628,19.550069939380506,21.507203596232703,954,10,4750,154.68794032408812
48628,20.92061766414458,19.276034290508502,985,1,1550,226.93625768737036
48628,20.448347907042955,19.602201157015752,995,11,500,49.742706739254274
48628,19.64721421327907,22.768048100920186,1014,10,950,283.022099601165
48628,20.70603564853915,18.654873077341048,1017,13,150,368.0968267227214
48628,19.82654118314537,21.289918203065216,1052,8,1750,240.75515387538505
48628,19.456363010617842,20.962067747082344,1054,10,100,42.85557573098825
48628,21.575981890427393,21.01672809285895,1185,1,6550,183.76137417721228
48628,20.24542109779884,20.56526335496293,1197,13,600,121.77244736401857
48628,21.2457426320615,21.055083795947777,1237,13,2000,96.52998680604364
48628,19.774131496165882,20.30280346883599,1239,15,100,143.23787354046772
48628,20.09763780192155,23.21142109494922,1250,6,550,253.63459870812764
48628,19.887280054988757,19.67022209444715,1306,2,2800,307.44492446557
48628,19.0810618712849,20.085782456784006,1309,5,150,78.60806051040497
48628,19.652451510084063,21.444947920920395,1324,20,750,127.78020233033025
48628,19.534274010884204,22.158690278268676,1330,6,300,62.69984884062803
48628,20.387515497285708,21.39465332395287,1356,12,1300,99.26165686560901
48628,20.892544048617715,20.937384894890027,1368,4,600,59.04463656342261
48628,21.809223675644226,19.785309250406847,1370,6,100,127.59675912596923
48628,20.374232865117218,20.783981828366983,1375,11,250,151.51915126200151
48628,20.873722955060163,21.583792591209647,1409,5,1700,81.72384541624714
48628,21.541100299030646,20.88399288495324,1411,7,100,83.80770397697037
48628,19.64644048850784,21.86858112091653,1438,14,1350,185.05210255484363
48628,22.378134739180158,19.35800828636065,1459,15,1050,321.54535707793525
48628,20.32659981031606,20.036428976350518,1558,14,4950,187.26920412254066
48628,21.55817738554908,20.798730292405256,1612,8,2700,125.52871983495889
48628,22.13087146314053,19.862427534988438,1631,7,950,95.12200115856771
48628,21.974567349130847,21.839092227348456,1733,9,5100,171.8456922385589
48628,21.341420461091605,22.396591281835885,1745,1,600,73.11298714619666
48628,21.153238098057596,21.690195210053684,1771,7,1300,63.35612012029907
48628,20.399827591032942,22.153442315701195,1774,10,150,76.65103351760258
48628,20.540662318424328,23.27465420669383,1787,3,650,97.93527084884255
48628,20.69361950821002,22.197523070882056,1794,10,350,94.28789204076531
48628,23.584375338730155,20.15679898621205,1829,5,1750,306.67051203263657
48628,23.608542426497216,19.911325878208963,1831,7,100,21.37718933335585
48628,22.443621845569073,21.13228442790254,1880,16,2450,146.25317106531057
48628,22.787620388879066,19.956837623560578,1885,1,250,106.14491597406403
48628,19.781094975230182,20.738621288021704,1905,1,1000,269.230537197976
48628,22.735978224695675,20.393802051769352,1925,1,1000,257.8276573129834
48628,20.200894993271884,23.44159434593814,2014,10,4450,343.57278000513514
48628,20.415720261775192,21.592201250593764,2038,14,1200,161.35845495721622
48628,22.42740567643558,20.96446339108659,2109,5,3550,182.63718517577126
48628,21.701528190321365,21.240728225017836,2133,9,1200,67.31162844236223
48628,21.79570965987014,20.724525545659656,2157,13,1200,45.476086541153265
48628,22.70355025971056,19.682239609509367,2208,4,2550,119.79247521038397
48628,21.99677035813621,20.301663135276012,2212,8,200,81.44930075921246
48628,22.52882894570464,20.108770674501233,2220,16,400,49.04857424721892
48628,22.03920963078679,20.360410378297246,2226,2,300,47.70994994168248
48628,21.972983564418648,20.694039361180913,2274,10,2400,29.478668841220923
48628,22.862817712724564,20.616420968815763,2280,16,300,77.4117915361645
48628,22.62304323752609,20.4750304262698,2286,2,300,24.124345726816223
48628,23.97280699335535,19.8950922909039,2319,15,1650,127.32010121840062
48628,23.033859324004133,21.10275200003694,2352,8,1650,132.57634012221553
48628,21.3464554138082,21.165833262282828,2375,11,1150,146.34382545570003
48628,22.995750221882478,20.440004547456912,2386,2,550,156.1684441219255
48628,23.014910406427326,19.922133060282157,2388,4,100,44.91290351244784
48628,22.92203432439746,19.818665995025263,2404,20,800,12.049908500952219
43877,21.07938140518367,20.178936944411447,238,14,,
43877,19.011960682521185,20.595328045101564,256,12,900,182.77443157626067
43877,19.666844765807028,20.325680824516446,293,9,1850,61.37950828978698
43877,19.58915219690016,19.403071899007482,303,19,500,80.24244613336205
43877,21.057216398608745,19.897883448601316,313,9,500,134.26484836926727
43877,18.4096023204495,20.17498654524991,334,10,1050,230.71321757480027
43877,20.795149264535016,20.471365409888485,385,1,2550,208.33690839588462
43877,19.931598704251154,19.591988578161605,445,1,3000,106.8155040382421
43877,19.11236531348523,20.230213841971008,590,6,7250,90.00302396620039
43877,21.148669765566144,21.856105786571707,611,7,1050,225.83378488189604
43877,19.73015417846073,22.111557585339032,640,16,1450,124.91556501322664
43877,20.356012564823804,22.24384317478861,652,8,600,55.43945457713714
43877,22.676177902466787,20.63342190009977,654,10,100,244.77195146494108
43877,21.527981211062702,23.23738986156791,674,10,1000,246.6425041245952
43877,22.036816280188567,23.180638955203428,740,16,3300,44.37246944661467
43877,20.149011496337803,22.909006405577774,770,6,1500,165.2947405665768
43877,21.42879400123224,23.648653497119135,776,12,300,128.1061473928297
43877,20.197099487212363,23.308467101503386,793,9,850,110.74352531407378
43877,19.041292621592397,21.612961159299623,825,1,1600,177.8384354034696
43877,20.263611125947875,22.013795562159455,831,7,300,111.4848262397438
43877,21.488098211273446,20.79536957691381,894,10,3150,149.7084952858584
43877,20.07436670600848,20.74593512103382,1065,1,8550,122.5982799072312
43877,21.191684146775494,19.996852701680343,1074,10,450,116.5827016171776
43877,23.267542977016593,21.019689421320862,1173,9,4950,200.5614383723631
43877,20.2586570641194,21.889182257884926,1355,11,9100,271.4398371494574
43877,21.31029064139867,21.61019297484619,1420,16,3250,94.29429721275608
43877,22.051550448500826,21.472980329251367,1426,2,300,65.33387298533161
43877,22.096359432757264,21.027270766053732,1446,2,1000,38.822880599238005
43877,21.489448368264807,23.792373487617205,1460,16,700,245.34679882151258
43877,23.770371073987754,20.61088973800009,1467,3,350,339.2692528437937
43877,22.996726129988375,22.18418503243969,1479,15,600,151.94583750022224
43877,22.97748632968878,21.062903894041803,1485,1,300,97.19200329473169
43877,22.26942778459206,22.32339919663822,1521,17,1800,125.29840073196074
43877,21.22627987404228,20.682514240602018,1540,16,950,168.51399010526254
43877,21.967306045595006,22.35665231721109,1544,20,200,158.67003030256103
43877,21.547468933286414,22.347952871510632,1547,3,150,36.39369354855134
43877,22.243822200858546,20.331406136181737,1587,3,2000,184.89411924126347
43877,21.666680048374374,18.693367320775707,1590,6,150,150.51742667902383
43877,20.962721307695695,21.01563995878161,1595,11,250,210.3074861280436
43877,21.379741960789403,20.017722924992967,1621,17,1300,93.73410210970795
43877,21.629971402588733,19.109609424878386,1946,2,16250,81.63636132809982
43877,23.036568801066693,21.21503266962602,2020,16,3700,219.44512191504347
43877,23.913468841800423,20.078466589904764,2049,5,1450,124.41229071420159
43877,21.932934907545288,21.995068611536794,2070,6,1050,238.8587102234437
43877,24.053400360591674,21.195127200149408,2081,17,550,196.41580835535234
43877,22.91714941937194,22.414842279101595,2147,3,3300,144.47026787029563
43877,21.98249192135881,19.593551928786205,2198,14,2550,257.5803301336289
43877,20.849607195965515,23.410461635694585,2293,9,4750,345.0620845574718
43877,20.9137604375567,23.199849560997684,2325,1,1600,19.081056651500056
43877,22.05132302418953,23.209199819482475,2351,7,1300,98.59208783378223
43877,23.562916262535865,21.3054710025786,2407,3,2800,210.67483971304702
43877,22.771755124406756,22.719739764823956,2415,11,400,140.44525406180958
43877,23.183032069039335,22.134425542767456,2445,1,1500,61.99795959725616
43877,22.913489018066773,21.81842963823343,2448,4,150,35.99608663524344
43877,23.356144035254008,21.835255581368223,2452,8,200,38.391139860925506
43877,23.27175502547856,21.93325075803175,2458,14,300,11.208033975309897
43877,23.256679630866724,22.154744745946395,2460,16,100,19.24055711904296
43877,19.410427020655412,21.08060061565365,2484,20,1200,346.0968498659008
43877,24.061735662040757,20.563460186328264,2505,1,1050,405.5972805563356
43877,23.351357701358086,22.041252614147464,2525,1,1000,142.10445842401995
43877,23.132889097639538,21.451522916752943,2539,15,700,54.504283342039734
43877,21.914767833902765,21.763674230330384,2541,17,100,108.98166565871921
226261,21.139664122315914,22.712640929451407,371,7,,
226261,20.35209525261929,21.590701358033865,381,17,500,118.8001530800169
226261,19.031180988458072,21.24351465219682,422,18,2050,118.36753951310563
226261,21.643531706247558,23.13322379846246,475,11,2650,279.4294744022684
226261,20.63722784651282,21.36934029778552,505,1,1500,175.9980537886176
226261,18.27847179022559,20.992388001317227,536,12,1550,207.01949615149908
226261,20.27224949515125,22.2739654692505,598,14,3100,205.41262191689705
226261,21.041818369446865,21.213109363471677,639,15,2050,113.58465782109202
226261,21.122551420432508,22.372829500467226,687,3,2400,100.75232493881617
226261,20.23336919796967,21.255052103221736,725,1,1900,123.78692365633397
226261,19.752666176523842,21.106762914761845,743,19,900,43.59816419313983
226261,19.48572335181328,21.002628947016976,795,11,2600,24.83304069497691
226261,19.718914558036317,21.245301760091408,803,19,400,29.16796671709944
226261,20.1818661032439,21.008106715216833,805,1,100,45.082132556485014
226261,20.00878345363529,22.1196716720758,845,1,2000,97.49650464804665
226261,20.40325962407028,22.02486194177299,925,1,4000,35.16150448443046
226261,20.209897342691733,21.75537650787158,934,10,450,28.745567147877914
226261,19.791481716350624,21.376846644917062,956,12,1100,48.90001018132106
226261,20.514920644275236,21.264393910558052,965,1,450,63.450980373604075
226261,20.333536300189184,21.712307131787988,992,8,1350,41.88130542984311
226261,20.160460812443272,21.85463382470065,1016,12,1200,19.420298685877803
226261,22.463315177714506,21.4630313918938,1031,7,750,202.4458146568722
226261,19.720014786893145,20.99543708586408,1035,11,200,241.1816934561748
226261,19.566246917964772,20.087213673951414,1040,16,250,79.83285891714806
226261,19.948673975356343,21.523674292547405,1065,1,1250,128.82963015762718
226261,20.10893117119025,19.76630956129418,1252,8,9350,152.9369115103504
226261,19.661668229996565,20.708293850672696,1302,18,2500,90.37378510268678
226261,21.03815699651163,20.71160503920084,1359,15,2850,119.29603825491662
226261,19.473462958988577,20.977773543795518,1465,1,5300,137.55485605690774
226261,20.463987652287877,22.57790992008377,1643,19,8900,163.09864429409447
226261,21.27644374372771,21.594930529319004,1686,2,2150,110.52407314616576
226261,20.859362354191774,21.641359788987298,1715,11,1450,36.37033157148651
226261,20.2298298237811,21.375344215963025,1814,10,4950,59.23053196800979
226261,22.646643443769975,22.080021057323897,1945,1,6550,218.17905201848194
226261,21.628419466333913,20.769292749670687,2007,3,3100,143.84548828298733
226261,19.709826674429625,21.211927201893552,2083,19,3800,170.64584268083183
226261,20.628466663785517,22.058296891771416,2225,1,7100,108.25499585206302
226261,20.588734644681082,21.577133699423804,2301,17,3800,41.84273945836932
168668,19.994554070134054,21.322281743212333,506,2,,
168668,20.20856064967909,20.905624877104238,525,1,950,40.59496272398875
168668,21.083462487770507,22.258226065944047,553,9,1400,139.61091348563085
168668,21.031428348159636,21.535034669497993,566,2,650,62.838613656392255
168668,20.89951326862196,20.757639994701982,585,1,950,68.33731617504966
168668,20.925257744835587,20.730140228601176,1040,16,22750,3.2647175634050303
168668,20.394235700676948,19.722345845520724,1185,1,7250,98.72523805698923
168668,20.313544037438756,19.775683622460864,1275,11,4500,8.382984462178772
168668,22.498554277465924,22.93108611280195,1492,8,10850,332.6333351129076
168668,22.718600928326058,23.022145759696667,1530,6,1900,20.639114479499586
168668,21.352566127778402,20.752823573245724,1557,13,1350,229.55829570103185
168668,21.225880075521037,18.95319436610436,1589,5,1600,156.3538400191545
168668,22.220421253376767,20.062701169202747,1605,1,800,129.1338422975193
168668,22.14405576447966,20.40732112523984,1673,9,3400,30.59156582160938
168668,21.77022544993688,19.865379472760484,1681,17,400,57.05865447297081
168668,21.589942612363682,20.041125237644845,1696,12,750,21.82012561558857
168668,21.27691139518408,20.734762628368376,1737,13,2050,65.95335455804737
168668,21.329736901943754,20.521868463607685,1745,1,400,19.01034065338954
168668,21.243671721025706,19.72503637880726,1767,3,1100,69.46043195246573
168668,22.49672530994511,20.308186026252397,1802,18,1750,119.78220059855715
168668,21.897569830199988,20.591751665179302,1805,1,150,57.44874141260523
168668,20.148111205308044,19.923662745289775,1991,7,9300,162.29934759639752
168668,20.356568662704678,18.72571110524425,1996,12,250,105.38262701856465
168668,22.498458376302498,20.375835453412225,2264,20,13400,234.33041465493557
168668,22.09270774270464,20.459614926283994,2305,1,2050,35.90684581525747
168668,21.84531567126395,20.95312680299775,2323,19,900,47.8441454912851
168668,21.974637562379762,20.24396508094411,2340,16,850,62.47425440347845
168668,20.33288726188804,21.08288403847797,2385,1,2250,159.78496831459552
168668,21.360099978411224,20.065893019319148,2406,2,1050,125.27566083875323
168668,22.443752328110374,21.5536700587704,2408,4,100,159.51806806300215
168668,23.142628605356336,19.3970566367015,2411,7,150,196.4756367176902
168668,21.942317083179546,20.720527125762825,2448,4,1850,154.84793955950363
168668,22.222497489983066,18.974047417226398,2466,2,900,153.29695526786426
168668,21.059622009586143,19.14423671792835,2567,3,5050,101.85615106848232
168668,20.511645510710647,18.548603910584216,2572,8,250,70.1441625610383
168668,20.893310008087447,18.8511122732855,2588,4,800,42.20756518418866
168668,20.566965447289988,19.283278435297753,2809,5,11050,46.93369010642431
168668,20.64205328842134,20.24056097232216,2865,1,2800,83.21931898800734
95184,21.126397411434077,19.069646713635724,136,12,,
95184,20.183578788419467,19.398687725983514,151,7,750,86.54416097820786
95184,18.413018306772592,21.074288931211647,154,10,150,211.26986694370447
95184,18.747548786533272,20.927297817783497,171,7,850,31.667984501956216
95184,18.215666824416562,21.527063691048728,180,16,450,69.47497122997275
95184,17.834098237394794,21.612336044487765,190,6,500,33.88499988412879
95184,18.054447790493743,21.881377386582553,207,3,850,30.139218903758373
95184,17.487512190162864,21.268292644867117,218,14,550,72.36998148419525
95184,17.41888005104238,22.413313743609777,224,20,300,99.4132660759678
95184,19.427732917873136,21.04962658112983,246,2,1100,210.42574784248598
95184,20.046849284367354,19.29289030747693,260,16,700,161.4287916440737
95184,18.14393786176641,22.376108987341922,279,15,950,314.0074502592838
95184,20.49905632043471,19.43195726047246,313,9,1700,326.7530148691566
95184,19.160775790650128,19.519022436526622,334,10,1050,116.22950390338978
95184,18.53953606072038,20.61173945433341,340,16,300,108.93725183386158
95184,17.522726618181085,20.515948921060016,397,13,2850,88.513667095506
95184,18.84219510666602,19.79323776116444,413,9,800,130.383901298938
95184,19.284492950356032,20.21898222615372,423,19,500,53.205550549339215
95184,20.10684627976603,18.83822105047219,426,2,150,139.2818924866219
95184,20.253770776044,20.451617603990535,446,2,1000,140.406292461149
95184,22.0288100329036,20.234773369385383,467,3,1050,154.98039987117158
95184,21.550140337072392,20.004338271791468,478,14,550,46.04154018701597
95184,21.84106440030779,21.925715808002302,518,14,2000,168.41740574880234
95184,20.342119105613985,22.722257511017606,520,16,100,147.11180179419094
95184,22.076028398457158,20.72382774571832,557,13,1850,229.30111602059267
95184,17.816893412207506,22.002296455055518,567,3,500,385.39598735976455
95184,22.316364059441824,21.041421013753265,626,2,2950,398.7468979755093
95184,21.162665452897425,21.49700461714423,695,11,3450,107.50080002951509
95184,19.778512287024242,21.666685409360788,723,19,1400,120.8579502787623
95184,17.813107551349265,22.180712233791034,735,11,600,176.06433803342355
95184,17.888953860014713,22.552695416009552,768,4,1650,32.90186176169542
95184,21.12497534999721,20.811164363505448,856,12,4400,318.48986503243486
95184,22.058181685217154,20.814446941577824,889,5,1650,80.87838273492173
95184,17.253233421177306,24.066923179983714,909,5,1000,502.8618491860172
95184,17.528512135557698,20.663838100844576,927,3,900,295.8973940833854
95184,17.185368471018688,21.15646249567959,1020,16,4650,52.030784197251094
95184,22.10981579848095,18.408960208472248,1045,1,1250,488.7181692076621
95184,19.301141170824895,20.451941936242626,1055,11,500,301.00204858536426
95184,22.725008006996898,20.8884821949122,1180,16,6250,299.13727247001094
95184,23.13947933807523,22.003839356571483,1210,6,1500,103.12270273098802
95184,23.37547559481462,22.0323170662734,1224,20,700,20.601381853850068
95184,22.97494375088418,21.945271351275416,1229,5,250,35.52304963810849
95184,23.070873538594586,21.412525262296615,1251,7,1100,46.913885835508765
95184,22.718193975308804,21.892823212205375,1256,12,250,51.64264394762459
95184,22.066203279283243,22.058622352344727,1259,15,150,58.30426956546284
95184,22.798267802808404,21.859255596269136,1266,2,350,65.7562777182008
95184,22.062716885713268,21.564263117000916,1268,4,100,68.6833040506183
95184,23.104997702583738,20.83391423075457,1323,19,2750,110.30044558566381
95184,22.189118980071726,18.667198677191383,1338,14,750,203.86922071913142
95184,23.335559061068423,18.883059447929007,1343,19,250,101.10403962704233
95184,23.595606120857838,20.65126898242843,1347,3,200,154.89322686185602
95184,24.371463225668613,21.110348293809334,1360,16,650,78.13027933358536
95184,23.705201641757935,22.02782178144544,1365,1,250,98.26876856233392
95184,24.442364813863296,22.073638195201436,1373,9,400,64.01075185628846
95184,23.987266166709045,22.189652286537452,1376,12,150,40.70326992984748
95184,23.531599109502995,22.202300105695294,1428,4,2600,39.5063547099472
95184,23.464450114967736,19.79876576643146,1460,16,1600,208.3875861055701
95184,24.146367587205827,20.591293570794917,1472,8,600,90.61172045306164
95184,24.20331697521487,22.47803232819386,1480,16,400,163.59183038250862
95184,24.14532962696387,22.618798040295218,1500,16,1000,13.194275839736894
95184,24.916031791154214,21.364471704451294,1512,8,600,127.58900486811476
95184,21.724804168821557,20.54447024079943,1593,9,4050,285.55760713306904
95184,22.969773422643478,20.24557183952071,1601,17,400,110.96341535941006
95184,25.0698132269434,22.42771583882802,1667,3,3300,262.4715362055539
95184,23.083565032086785,21.21803283636911,1675,11,400,201.55385395621227
95184,23.757802792836436,22.107871450642893,1682,18,350,96.75700942808629
95184,24.00292753875703,22.016215193409252,1685,1,150,22.68068662825901
95184,23.874089036508906,21.765162537091765,1693,9,400,24.45579095978657
95184,23.917906289389126,22.011195545026943,1705,1,600,21.658378472974412
95184,24.19146811572083,22.124278472779057,1708,4,150,25.654478328885038
95184,24.131098225908037,22.37252443584879,1714,10,300,22.141693521716206
95184,23.061832478674305,23.049611188146066,1716,12,100,109.68644091431216
95184,22.893340143108258,22.75227485316533,1721,17,250,29.619030810374547
95184,22.566638784006248,22.413126173260654,1736,12,750,40.812142673098926
95184,22.562550189002028,22.903783782078282,1741,17,250,42.52513576345497
95184,23.348474692637435,23.11314628279997,1743,19,100,70.48882873785729
95184,23.727084095007665,22.549286298014724,1762,18,950,58.86211925768077
95184,23.34705465243147,22.899502005657997,1766,2,200,44.78859370108514
95184,23.127188191025162,23.190817085759583,1773,9,350,31.631046288987395
95184,23.20588052010463,21.400107896726777,1788,4,750,155.34457586151714
95184,24.75190793014278,21.132443657846196,1821,17,1650,135.98231709464633
95184,23.58622380418118,22.30332806869864,1916,12,4750,143.19132091657377
95184,23.528085193784563,23.510849148323643,1918,14,100,104.7730555317925
95184,21.54976956838396,19.367306461445033,2089,5,8550,397.93761109419637
95184,23.00932046460838,19.293523029529727,2099,15,500,126.65593734920066
95184,23.299366760582917,20.556838846763018,2110,6,550,112.33597160735334
95184,22.039089101936035,19.20263360290543,2145,1,1750,160.32564135041872
95184,22.301620247287286,21.465055770700886,2156,12,550,197.39228363015644
95184,22.271365141629335,21.96410998824743,2184,20,1400,43.3307751585011
95184,22.61555235446675,21.14206706370575,2200,16,800,77.2364565124817
95184,23.180389264900263,18.56568019510883,2250,6,2500,228.58996725522667
95184,22.313262133946882,18.505873617800297,2261,17,550,75.329552311985
95184,20.369792557225022,19.138128406566974,2267,3,300,177.12300800315782
95184,19.22280843685471,20.53401523000403,2299,15,1600,156.57845300357525
95184,23.87949756741043,20.111061653893497,2320,16,1050,405.2409835731217
95184,23.913840687774815,20.286059416687355,2342,18,1100,15.45577160224598
95184,23.42814377984401,21.81067163665297,2351,7,450,138.6759805191788
95184,21.925664290877425,19.0913435750541,2378,14,1350,269.25576959963604
95184,22.084218386477012,18.999347201879992,2395,11,850,15.886908699446302
95184,23.556202881801347,20.22454410753275,2403,19,400,165.98071403955078
76647,23.779554138095154,19.693623718811583,48,4,,
76647,18.85882522910461,19.39105598968195,87,3,1950,427.2686023920432
76647,20.94746098574629,19.959322574551738,101,17,700,187.59532495749022
76647,20.76237467726374,23.38849235503927,174,10,3650,297.62729362031337
76647,20.992176380568004,21.994181594429037,204,20,1500,122.4704976862517
76647,19.444367040448675,21.5773428172858,206,2,100,138.92286364805514
76647,18.94305907747801,21.654707284850414,209,5,150,43.96101502412771
76647,20.207173659208813,22.59667337401792,224,20,750,136.62817316786442
76647,19.659072702627107,21.82561633305063,235,11,550,81.98793179927074
76647,21.066817631135894,21.25786231061066,243,19,400,131.55333179984243
76647,19.063761196795973,20.89056644289948,273,9,1500,176.49260423616334
76647,19.359184102268948,22.08212390869445,276,12,150,106.39489899332578
76647,20.85172419048935,23.237198352259973,282,18,300,163.565347808801
76647,19.66151345793957,21.44965012770015,299,15,850,186.12017755174793
76647,20.163850082386872,21.869505576567136,307,3,400,56.73991160160156
76647,19.782984139258,21.965217052467118,310,6,150,34.034691125375225
76647,19.588753002399645,21.730010776250683,312,8,100,26.436562094169332
76647,20.58076657288595,22.020780413982404,335,11,1150,89.59161819852963
76647,21.295672321452333,22.960587107731698,351,7,800,102.3374022666464
76647,20.443552098972543,21.966581057156393,362,18,550,113.46903962688002
76647,20.43942801270587,20.576596870146748,398,14,1800,120.46582644051632
76647,21.172675617222495,20.691042359619132,412,8,700,64.31751774877856
76647,22.296156754208244,19.888370187242437,428,4,800,119.66568790102065
76647,21.35124927879996,19.8576542651418,431,7,150,81.93523709126725
76647,21.819685557345174,18.192868627610984,433,9,100,149.88432524252588
76647,21.789165441191688,18.401884285041238,504,20,3550,18.30678660974659
76647,21.012403718623318,21.840523018739944,523,19,950,305.5242179422357
76647,22.217847942266463,20.37744061940798,532,8,450,164.29462618112242
76647,23.0829401204051,20.02380738754103,547,3,750,80.99698725573738
76647,20.82374299460142,21.258022931577788,554,10,350,223.11002596551467
76647,20.84174093058681,21.38789478325257,565,1,550,11.363128249174743
76647,20.121900697994754,21.9991981808565,596,12,1550,81.84664384357139
76647,20.265264744155775,19.242380237465014,603,19,350,239.2470720538396
76647,20.20893983290857,23.425449234824903,754,10,7550,362.56550952950596
76647,22.113742586905644,19.915545510568734,776,12,1100,346.0995944519622
76647,20.58476621696296,17.858744361421316,969,5,9650,222.11365964089987
76647,20.803355354912544,18.76240073085291,985,1,800,80.5755826389684
76647,21.33439137781074,18.401761152665145,999,15,700,55.63299082862254
76647,22.15465505705226,17.816798001052323,1005,1,300,87.31486631381124
76647,20.1841484203853,19.921060846148336,1052,8,2350,249.84691588264985
76647,20.877146421124387,19.68680881416708,1055,11,150,63.39832495304126
76647,21.61424981504084,23.212732528452566,1234,10,8950,312.18603053919855
76647,21.10753845820992,19.362216907735665,1244,20,500,336.58846310359775
76647,21.806046776734927,20.03043753289491,1286,2,2100,83.77725017750008
76647,22.67322351003818,20.711040542895464,1322,18,1800,95.53858895446481
76647,22.59392629764582,20.03995029822485,1409,5,4350,58.565776043734694
76647,20.989922045105814,21.980360862221993,1447,3,1900,218.18706072618255
76647,20.09303754013436,22.16485814701081,1497,13,2500,79.35757044515374
76647,19.846829076407126,21.60708355758668,1522,18,1250,52.84045417286225
76647,22.102943137296574,19.46505624959483,1629,5,5350,269.62014825993623
76647,20.531912494281624,19.69014322749923,1656,12,1350,137.5463463687759
76647,19.84595710032342,22.74263248876809,1713,9,2850,271.14654572019737
76647,19.18394991233973,22.972061415267373,1715,11,100,60.72180798961762
76647,19.308085525574704,23.015233034844094,1721,17,300,11.390466240592792
76647,20.309146659166817,23.284682575520737,1786,2,3250,89.84647887466936
76647,21.873839467758543,22.183048222951175,1801,17,750,165.84526250043825
76647,23.278591594400798,20.192126094982317,1827,3,1300,211.17342090994472
76647,22.403180604323026,19.9658132102823,1835,11,400,78.36324678283017
76647,20.43108519414321,19.947254918330195,1923,19,4400,170.92250319069137
76647,21.027870614807572,23.718574285912787,1951,7,1400,330.91465440133356
76647,21.862505454840772,22.351197073737755,1985,1,1700,138.838154035682
76647,21.7548588603374,22.70271467145977,1990,6,250,31.86133667278792
76647,21.784591070244353,23.446213193651957,1996,12,300,64.48804044180527
76647,22.465993777985467,22.424404688142218,2006,2,500,106.44142551475086
76647,22.1415136478025,22.088915923504985,2008,4,100,40.45022794483325
76647,21.49585251716263,22.843324108678413,2020,16,600,86.05829830874065
76647,22.277235394428974,21.77677665379146,2032,8,600,114.58640058448596
76647,22.486207794246276,22.413600668020102,2077,13,2250,58.0869902581913
76647,21.813224457474874,22.985110914002167,2079,15,100,76.5188894758883
76647,22.151356027976018,22.6277432316822,2088,4,450,42.63829299680813
76647,21.786173958306687,21.765433320687933,2107,3,950,81.15889468514321
76647,21.086020695513337,23.09233522175042,2119,15,600,130.02551350475417
76647,21.28277162805813,22.836955684840436,2186,2,3350,27.939703894639447
76647,22.342650874033588,21.96236469260712,2193,9,350,119.09190250240127
76647,21.115492030382896,20.76765451266568,2206,2,650,148.43172165176117
76647,20.318701879020956,22.45279264165492,2241,17,1750,161.54827210942184
76647,19.12278904572416,20.51032018216259,2286,2,2250,197.69513483176786
76647,20.027447340394296,20.27638718622372,2305,1,950,80.98262797608601
76647,22.33181353655507,21.50342440569079,2308,4,150,226.2601589881531
76647,21.58516292808906,20.778355637945626,2310,6,100,90.20046870902725
76647,21.44339508434695,21.233126834734612,2332,8,1100,41.28417977237035
76647,21.74764114060012,21.760967425443315,2334,10,100,52.801367187164125
76647,22.74659305772427,20.663418925542103,2341,17,350,128.6209731574095
76647,20.756841823687942,20.34079479390466,2344,20,150,174.69722065068893
76647,20.35922829625378,21.873255979787164,2364,20,1000,137.21098316591346
76647,20.588417507615187,21.504644443116092,2368,4,200,37.61794191758263
76647,21.765843707775982,22.150858942382346,2387,3,950,116.40225894427137
76647,21.80834599392026,21.516787401213033,2392,8,250,55.07618346196702
76647,20.506490594403715,21.220296696621947,2401,17,450,115.71652778097607
115563,23.86012058987416,22.37343031324971,99,15,,
115563,24.03490972498056,22.493884891838498,117,13,900,18.397140461335745
115563,23.143665267520486,22.693650285036743,123,19,300,79.15769613769696
115563,23.791970650221383,22.164292429540836,169,5,2300,72.53744284375459
115563,24.523946713493547,20.33518385603669,226,2,2850,170.744928034903
115563,25.55192781025959,21.025044836940182,267,3,2050,107.29365914775181
115563,25.314857226924605,21.435986217683602,338,14,3550,41.116486177918425
115563,24.019658397909094,21.674288257510444,369,5,1550,114.13469816918075
115563,23.89966548905208,22.62931371819296,387,3,900,83.41962357862856
115563,22.891849395163234,22.539825310955308,398,14,550,87.68771502660005
115563,24.307735870647665,21.83192722242252,415,11,850,137.19238112473357
115563,24.386010048323485,22.20440322508719,423,19,400,32.98634201360524
115563,24.85248510462789,21.443013579695705,432,8,450,77.38674183735813
115563,23.78174642330598,22.63007522972061,446,2,700,138.54735888319723
115563,24.150262340811377,23.2058716406235,458,14,600,59.24764881093239
115563,24.42645404214928,22.740956177869574,462,18,200,46.86641684801139
115563,22.663333456911726,22.2250236370291,466,2,200,159.2116577011625
115563,23.702104754175352,21.592624179876278,509,5,2150,105.39802970137826
115563,25.29368145744119,22.80165130710242,574,10,3250,173.22199583838912
115563,23.9907825208141,17.93647134120171,605,1,1550,436.50690074746274
115563,21.983414542459787,18.271425059880922,625,1,1000,176.37721102686012
115563,22.72571324451005,19.42095120313978,641,17,800,118.59147321607605
115563,24.934038446556297,22.563643688437526,660,16,950,332.88593622831763
115563,24.027264715740323,24.002085327333393,670,6,500,147.36781619273322
115563,24.61852303249798,22.8611472665213,673,9,150,111.37007446065452
115563,24.174228683606486,23.201885589985764,675,11,100,48.525600312181105
115563,24.176082657773293,24.55004259271914,716,12,2050,116.84038405152634
115563,24.16282308913057,24.721410814427724,735,11,950,14.89630427498922
115563,24.097682392413006,21.0553123042482,739,15,200,317.7786895759643
115563,24.543712151811473,24.046990516445227,744,20,250,262.14454885306515
115563,25.39701052912363,23.45441307704456,825,1,4050,90.03603675253242
115563,25.20344906295482,22.826371980757884,830,6,250,56.95666208538861
115563,24.911234197149383,23.12648306022274,832,8,100,36.302491950447795
115563,24.703195805307324,22.991354707906307,834,10,100,21.499560563485737
115563,25.405643307418124,22.573738372392658,844,20,500,70.82506354163186
115563,24.738629917231375,22.993586178637102,846,2,100,68.3062574922162
115563,23.336012314254866,19.040190660025214,965,1,5950,363.5526929915975
115563,24.94381033297011,18.259372611415262,1029,5,3200,154.9053945964485
115563,25.058983146663667,20.037048681746843,1045,1,800,154.3882682617464
115563,24.364048186871106,20.066737762781575,1081,17,1800,60.2826345877128
115563,24.74878252936693,22.473455206598956,1368,4,14350,211.23049898738327
115563,24.29259106469629,18.930226363360457,1385,1,850,309.6145444237436
115563,24.58976485876118,20.15432175917009,1412,8,1350,109.16979324269633
115563,24.788950176403507,23.28357274821967,1585,1,8650,271.75060672987274
115563,25.005551058624285,22.839160428794923,1590,6,250,42.846851075878256
115563,24.740403897768168,23.520045100991215,1628,4,1900,63.32641196649593
115563,25.754169898392984,20.331388185383084,1709,5,4050,289.98068890353903
115563,25.06357862860131,19.534834567459768,1723,19,700,91.36713744631842
115563,25.78406770745451,20.614823559765654,1733,9,500,112.51592369794032
115563,24.452170108125937,18.221794047043108,1749,5,800,237.3550090656101
115563,24.52512812102105,17.81724546669003,1804,20,2750,35.626475742632735
115563,25.606476893250598,19.723161657216433,1826,2,1100,189.91337862120218
115563,24.407244432131957,20.863881289513717,1851,7,1250,143.4431458456612
115563,24.923372910977477,20.201557165950465,1863,19,600,72.77223306687432
115563,25.77755662984474,19.783696303884717,1986,2,6150,82.41255077838454
115563,24.637649684006156,20.870523147003013,2156,12,8500,136.4987737875417
115563,19.507341545789,24.193925834470036,2203,19,2350,529.767090363484
115563,18.03231694432318,23.863456612853877,2279,15,3800,131.00455706249863
115563,24.614156107802792,20.096201529247764,2380,16,5050,657.2557824763691
115563,19.196837954429093,23.61731633842586,2390,6,500,559.9604726190453
225121,20.323260410352006,22.980885827512424,490,6,,
225121,20.69635932113567,22.795159535981092,497,13,350,36.120047919480626
225121,20.427032697513592,23.534929980180998,499,15,100,68.23023660495187
225121,21.23051641152809,24.536676693527507,515,11,800,111.29439479335156
225121,20.297698277655652,24.05864213469601,525,1,500,90.84166299270962
225121,22.1828579588,24.223308258504954,558,14,1650,164.00260032091444
225121,19.812260754170545,23.903585617217892,569,5,550,207.311914316708
225121,18.93629427888616,22.11109199134027,579,15,500,172.90707360675376
225121,19.396524060324214,22.62809089825102,607,3,1400,59.98806745357644
225121,19.708769144041177,23.824265638216577,609,5,100,107.14226039170052
225121,19.22699156139652,23.149748053079296,613,9,200,71.83843922887664
225121,20.32372774032307,22.881130549570067,615,11,100,97.85989258605984
225121,20.33785211644584,23.842822909715636,630,6,750,83.35565999903548
225121,21.264615635443665,20.317053966471708,671,7,2050,315.94650722746513
225121,21.188786380437197,23.033794493517473,705,1,1700,235.5425443295738
225121,18.39153401759983,21.294188210268057,718,14,650,285.48545676586224
225121,18.819732917547487,22.283127595905405,726,2,400,93.39737414305864
225121,18.14088438411751,21.90200439096547,734,10,400,67.47155734827948
225121,19.18064959227378,22.129424268629187,748,4,700,92.24328258962292
225121,20.71197568960222,19.03531418749641,802,18,2700,299.2006076181441
225121,20.569668903905725,21.136590387757966,816,12,700,182.52775479494906
225121,18.49584976371079,22.512555565958046,905,1,4450,215.69392034269387
225121,21.926102409698817,21.829756681092945,968,4,3150,303.12089505962024
225121,21.824526216970554,18.84519047766014,1009,5,2050,258.81216540244606
225121,21.30961486774686,18.96755527546607,1034,10,1250,45.86843803747379
225121,22.056607190132908,18.692147250636207,1049,5,750,68.99924687630912
225121,21.482709896739916,20.328217017563464,1134,10,4250,150.2631651720568
225121,22.14611521403549,22.23482849055075,1143,19,450,174.95666678051478
225121,22.641338680343964,22.64036150412529,1145,1,100,55.473660948902975
225121,19.826672207194562,21.093066187196126,1151,7,300,278.3669405525907
225121,20.058859396889982,22.532696598443717,1177,13,1300,126.38028633823814
225121,20.707192216271135,18.860079736376395,1350,6,8650,323.2149652873643
225121,20.555888274006158,19.003247582999773,1371,7,1050,18.052879951885885
225121,23.099475906505752,20.338697841965157,1543,19,8600,248.98030793043114
225121,21.567141968939897,19.29693930038469,1549,5,300,160.58629777219588
225121,21.54310181727204,22.323091981422287,1624,20,3750,262.2748412770686
225121,19.89836836199493,20.01866727019149,1656,12,1600,245.3680332960155
225121,20.549535844611043,18.720867134256462,1668,4,600,125.84000845327006
225121,21.14367339398454,19.43142350204429,1676,12,400,80.27269432381769
225121,22.543604367317936,19.170193518464142,1716,12,2000,123.42160517094631
225121,22.066542419903477,21.49134261370439,1835,11,5950,205.37113146225235
225121,21.15578553083686,20.330371255386126,1916,12,4050,127.8834904440035
225121,22.18056753576096,22.296237715358092,2349,5,21650,192.13452893844595
225121,21.189118733298933,21.35728589286884,2355,11,300,118.34368250203725
225121,21.65274852100169,21.768287736771704,2453,9,4900,53.696633943553195
225121,22.023790643368464,19.85559596538577,2635,11,9100,168.85687425795388
225121,21.516617979607695,20.255350788598232,2670,6,1750,55.96734642969427
225121,22.44046039346182,19.5051777961672,2677,13,350,103.13858870283401
225121,23.192938506730925,21.57710182688257,2812,8,6750,191.04236092213458
225121,22.827669656247117,21.84796322676696,2824,20,600,39.41068216878662
225121,22.5099449179301,23.037756254751482,2849,5,1250,106.72874059110659
225121,23.8735029920451,21.500087375965816,2859,15,500,178.1145746340023
225121,23.130181012555642,19.643267730963085,2865,1,300,173.33997965654694
117554,19.209488722798156,20.482348465211178,386,2,,
117554,18.558284270959035,19.959441608804962,388,4,100,72.38087541720482
117554,18.366280819603773,19.439082157405785,400,16,600,48.0698746015888
117554,18.974912204107,20.149077880826407,465,1,3250,81.04728636810678
117554,19.765178253999867,19.507169785593465,470,6,250,88.23698571089801
117554,19.41821508717121,18.77122362430649,476,12,300,70.51494163330781
117554,19.194011898958895,19.798674428756424,483,19,350,91.14112525909738
117554,17.963626805389765,20.410353919920993,486,2,150,119.08388790123261
117554,19.004742249983842,22.975752408095783,507,3,1050,239.9460347184765
117554,18.63468961734517,20.442439215791552,658,14,7550,221.88384159556233
117554,19.9610330687463,20.340515099287142,710,6,2600,115.28867257557866
117554,17.06532139518339,21.987988858293583,782,18,3600,288.73551020736704
117554,18.147900139713855,21.34861738446193,845,1,3150,108.96494292963938
117554,17.943144237612678,21.06950010541271,865,1,1000,30.001120349183314
117554,18.802912265705153,21.724477676594848,905,1,2000,93.67206130823352
117554,18.397982942024107,22.493406028326053,907,3,100,75.31620391363712
117554,19.17443916892865,23.088865778722997,967,3,3000,84.80308252846986
117554,18.206302580509824,21.999908556585417,988,4,1050,126.28128254834948
117554,18.29725034019377,20.230966824040188,1038,14,2500,153.5107745526169
117554,19.594783488907623,19.559777840609943,1047,3,450,126.60712461428959
117554,24.09853517733014,19.430754013295907,1114,10,3350,390.48528581230835
117554,23.541012767028242,18.87871458511803,1173,9,2950,67.99765088574877
117554,22.299706335276603,19.745558654534292,1247,3,3700,131.21517364731406
117554,18.208813795879305,23.103366065753438,1269,5,1100,458.6810090865698
117554,18.024001910005612,22.270440623641004,1306,2,1850,73.94247556101274
117554,18.451746905840974,21.816965919228718,1403,19,4850,54.02643798967592
117554,18.429924865383683,22.60431836696463,1405,1,100,68.26341569424578
117554,20.286071975502647,22.121196762365408,1423,19,900,166.22586640411407
117554,19.460320016983072,22.572504927603504,1431,7,400,81.55629693915022
117554,19.47962055297871,23.201886663329486,1445,1,700,54.57205866758943
117554,18.9333476068712,22.79066298402298,1447,3,100,59.258649171261276
117554,18.78145189684069,22.210622631991924,1455,11,400,51.96525793428926
117554,23.459205230689196,19.970803980266506,1545,1,4500,449.48314464980257
117554,23.221163357864025,20.556195689236738,1552,8,350,54.76808002202067
117554,20.805506615744957,21.1692990341885,1560,16,400,215.99470693513086
117554,21.33500178554987,20.428739682926796,1566,2,300,78.89967345443026
117554,21.388123122701714,20.820037491434864,1570,6,200,34.22355192117375
117554,21.512352742804936,20.083417964497688,1572,8,100,64.7418751968041
117554,21.894184457106615,20.097221925172867,1575,11,150,33.11369991521998
117554,21.04393445263392,20.542838887829458,1583,19,400,83.19546556279091
117554,21.761425748994522,19.944196522841295,1590,6,350,80.98425872161157
117554,23.655635215175977,19.31564806521751,1685,1,4750,172.96683695560466
117554,21.45404532748981,22.225440449560487,1805,1,6000,316.23109470755816
117554,19.66167073331659,22.455801181945265,1902,18,4850,156.61682827614032
117554,17.347019831864134,22.530748594032893,1905,1,150,200.70821040829816
117554,20.481769259054733,21.948535948671932,1989,5,4200,276.32434368422184
117554,19.50710408186034,22.086676326791213,2008,4,950,85.31517781280607
117554,19.755655643252474,22.17737872717626,2025,1,850,22.930631521009467
117554,23.092879729856726,20.595907866843273,2108,4,4150,320.0584239710464
117554,18.93121414350104,21.59084996821239,2161,17,2650,370.84189923751995
117554,23.012590027967462,18.698264251543744,2210,6,2450,433.5471846328937
117554,24.238975027453982,18.906376023081293,2215,11,250,107.80618088127727
117554,22.20989192422843,24.499235182558305,2317,13,5100,515.6284431928991
117554,19.916820237333614,21.200691443325244,2521,17,10200,348.16458986375414
117554,22.12362994053247,20.171969061846912,2582,18,3050,211.01649413409646
117554,21.560851908797957,20.377051545396107,2612,8,1500,51.91166494148121
117554,22.581069014236114,20.786287287549108,2671,7,2950,95.26700375387476
117554,18.449012007261818,22.650670712315133,2677,13,300,392.8765535335652
117554,22.49576662962842,21.02681140078925,2710,6,1650,377.90186876133384
117554,21.937900225203908,21.78085431216841,2716,12,300,81.29109906676315
117554,22.98857063151514,20.845625987314172,2724,20,400,121.90646586990496
117554,21.61137725190798,21.253201700226644,2727,3,150,124.47395921391094
117554,21.97150787583024,20.86151894702689,2730,6,150,46.11362598311593
117554,21.68618983590286,20.42036747613317,2741,17,550,45.53267432728035
117554,19.812470635805184,20.96381094709876,2745,1,200,169.08119042959692
117554,22.21826385068811,20.615260974258696,2750,6,250,210.67894952610902
117554,20.8420236566423,22.645148658290285,2762,18,600,212.5451379795594
156170,20.886752599063215,20.827431940700652,527,3,,
156170,20.880049878468004,21.41115641525392,530,6,150,50.592789509459806
156170,22.480063605946103,19.080221730369367,572,8,2100,245.02768761740109
156170,22.211102388919063,19.181125325248825,599,15,1350,24.896374141540953
156170,22.244911995926927,19.017622025896216,610,6,550,14.470068284967258
156170,20.961251137840684,18.900174958360882,628,4,900,111.71528356021953
156170,21.94577067433518,19.437169542049038,651,7,1150,97.19201640962724
156170,20.992546671768853,20.227496213523658,699,15,2400,107.31462149409084
156170,20.59611513898088,20.492729824151574,746,2,2350,41.33798575903163
156170,21.26615365461747,19.631738922799833,845,1,4950,94.55237787604806
156170,19.862985737419816,22.006462678405978,861,17,800,239.05226180440206
156170,18.81036014554002,22.30427639019785,905,1,2200,94.80848667365657
156170,19.271301995313213,20.75197883942625,1027,3,6100,140.33833208447018
156170,20.081124435912198,20.742614869024855,1043,19,800,70.18930330073394
156170,20.84303254734631,19.91403181302611,1126,2,4150,97.55502169699737
156170,19.475123355622962,20.178749302222954,1169,5,2150,120.75160971460868
156170,19.445209689310126,19.486306168412515,1663,19,24700,60.06771077446262
156170,21.25221875269959,18.42629668651965,1713,9,2500,181.56411953562272
156170,21.00979768388786,19.24055611420736,1716,12,150,73.63027757075123
156170,20.592049794442605,19.757405252517977,1720,16,200,57.595613229372496
156170,18.99925960811588,21.061889119190134,1763,19,2150,178.42936061276038
156170,19.654715679174913,21.049118260829893,1768,4,250,56.81697428254519
156170,19.443899165102124,21.43756570661592,1872,8,5200,38.30382545772105
156170,19.86893113538941,22.818890686962174,1920,16,2400,125.25390004644927
156170,20.097044467478813,21.687306080160404,1922,18,100,100.04349744476644
156170,20.00297355891884,21.793391362720545,1926,2,200,12.288166826892555
156170,19.874447561944727,20.59638998364983,1964,20,1900,104.33641708836113
156170,19.58380559497871,21.806977480828895,1995,11,1550,107.89895029407997
156170,21.9821058854371,20.001172987904987,2053,9,2900,260.1844500716289
156170,19.77990481163422,21.61557325490098,2151,7,4900,236.6488487911961
156170,21.155066531946254,21.34072414908054,2247,3,4800,121.53781161413318
156170,20.637760850012974,21.93398641402109,2295,11,2400,68.21747346118586
156170,19.692198685957404,21.53674466750471,2309,5,700,88.88674669473963
156170,20.190768544742454,21.028916400659252,2314,10,250,61.677291158869394
156170,20.041629990303022,22.32619147820358,2321,17,350,113.17103556715662
156170,20.102204504651283,22.021967683762014,2337,13,800,26.883629651525684
156170,20.247016493960047,21.713689255942285,2400,16,3150,29.518379299691002
156170,21.063127991349145,22.37782627473076,2430,6,1500,91.19030078697106
156170,20.58398057038943,22.25680341409751,2445,1,750,42.83024085520584
156170,19.816802418599124,21.731217508026734,2455,11,500,80.59547369434091
156170,18.896428605200757,22.93371749961012,2465,1,500,131.23903847711134
156170,20.195672048310204,23.177983810103534,2475,11,500,114.57384320049039
156170,20.12441714589284,23.140225190391565,2512,8,1850,6.9888886011991955
156170,18.401078726850013,23.563422950498232,2522,18,500,153.79345296998642
156170,20.386502781890357,23.33412474453324,2542,18,1000,173.21382962556635
156170,21.856682212665262,21.495420670155184,2569,5,1350,204.03071437360362
156170,20.39089117040342,21.534133156353903,2578,14,450,127.07952088034455
156170,22.321273856980344,21.63124335883324,2606,2,1400,167.51139300058188
156170,21.18231838137451,21.525324017546577,2613,9,350,99.13539641516492
156170,22.18612656482314,22.095358208315016,2624,20,550,100.04539064928612
156170,22.16906291137677,21.658544274843475,2642,18,900,37.886081376032294
156170,21.800808143117397,21.541331777869004,2647,3,250,33.49308923808051
156170,21.691308975037384,21.501906786146826,2649,5,100,10.086301436974368
156170,21.783776417216277,20.90869751960118,2652,8,150,52.032306648254774
156170,22.577657985102555,21.82589797144868,2778,14,6300,105.13151119665997
156170,21.403247800282347,22.293165665897092,2782,18,200,109.54263427783968
156170,20.871508244097026,22.538918157990977,2785,1,150,50.767824484081146
156170,18.560356675123387,23.208025318223545,2828,4,2150,208.52522238731726
156170,22.32892020561898,21.723121003420623,2885,1,2850,351.0482722341312
156170,21.67653069519747,22.073104492079935,2890,6,250,64.1626361135947
156170,20.690705115165233,21.65652746225461,2895,11,250,92.75311455161291
50488,20.31482698368132,25.569328220966927,233,9,,
50488,22.124774890052006,23.898743484358747,325,1,4600,213.4669632340112
50488,23.566263807695204,23.689243448598525,332,8,350,126.24155248825629
50488,23.27508364765864,24.475432797935913,341,17,450,72.65952527146152
50488,23.35763696675187,24.422447706267707,343,19,100,8.501496608310338
50488,23.251920400379035,23.900991920713896,354,10,550,46.11221566239934
50488,22.895123809692624,24.371172682146817,361,17,350,51.15343572145705
50488,22.097117129666326,23.191813202849108,364,20,150,123.41112534562167
50488,23.777143460875994,24.66707488688108,371,7,350,193.7709588581646
50488,23.1812831653292,23.527189929047434,382,18,550,111.47325305598125
50488,23.028586041022006,24.40435529158418,385,1,150,77.16426834746731
50488,22.20495522402811,24.207270297817608,500,16,5750,73.39649605697355
50488,21.94017404054636,24.551682937431764,504,20,200,37.65057172674118
50488,23.79212602280477,24.191755429301853,525,1,1050,163.5056639879567
50488,23.45974474102641,25.97726254804272,538,14,650,157.40234290168033
50488,20.747283980925182,23.989215737006017,561,17,1150,291.46005795767854
50488,21.233979357198145,25.859545501201023,570,6,450,167.49341385713572
50488,21.72082187893816,25.811422855520405,608,4,1900,42.39864341134311
50488,21.60170035193491,24.233564147251307,914,10,15300,137.1369046700899
50488,22.347407408666825,24.412514344035962,945,1,1550,66.46277811050783
50488,23.202147570825037,24.28929216151655,948,4,150,74.8433006668718
50488,21.73055237025217,25.526103569935053,1038,14,4500,166.60063187075198
50488,22.73242771998196,24.85746231558642,1051,7,650,104.3905430022416
50488,22.28218385426987,24.630999638310566,1054,10,150,43.6790441465129
50488,22.10903474480329,24.4170083279011,1056,12,100,23.856626623534336
50488,22.08969462800104,25.062515648752655,1059,15,150,55.969071735124054
50488,21.882430741189218,25.441658323995227,1063,19,200,37.44837352784838
50488,21.599533221199927,24.416937702102356,1065,1,100,92.1313284387538
50488,20.772630876847632,25.680487620272142,1068,4,150,130.87314879405105
50488,20.38861824644375,24.801254532965686,1543,19,23750,83.15107862973314
50488,21.06663657583989,25.311116776369396,1631,7,4400,73.52216694289909
50488,21.373069743649697,23.421628494489912,1698,14,3350,165.89519661846194
50488,23.25806410982805,24.89303007400594,1715,11,850,207.2443813809903
50488,22.748780262658077,24.153235810036865,1729,5,700,77.83928876809799
50488,24.317178290875265,22.01865158862283,1784,20,2750,229.56562337259464
50488,22.22315765239377,25.980418172005574,1788,4,200,388.3645112151151
50488,21.03405180433218,25.6787924107292,1854,10,3300,106.31957867181181
50488,21.097275985073242,25.553502153308614,2169,5,15750,12.162685763884326
50488,20.720414294604456,24.752705994044014,2198,14,1450,76.70363415747113
50488,21.60765948619087,25.74942420621207,2246,2,2400,115.6489048675357
50488,22.264628970587175,25.508688119876492,2260,16,700,60.63959380213122
50488,20.15849530107715,25.842074366625507,2275,11,750,184.8042539852746
152851,23.29834894089646,21.868142197562506,216,12,,
152851,19.876484879423202,23.049653648030933,349,5,6650,313.74198746468625
152851,20.670202583113525,20.92824817565707,433,9,4200,196.30237177051305
152851,20.59725745208483,20.733661742333467,524,20,4550,18.01017415854192
152851,21.381682578514027,18.064799732786984,585,1,3050,241.08522030745328
152851,18.081853625354277,21.726650766360308,604,20,950,427.2062252438996
152851,22.100849419181635,18.501588165332816,609,5,250,446.59288739710365
152851,21.218315324766575,17.462285396904083,635,11,1300,118.1663267721299
152851,19.853696841641923,20.47134031655279,729,5,4700,286.34901581090253
152851,20.274869637224793,21.088444473391863,738,14,450,64.7513146455949
152851,20.341719605056564,21.571961206429823,747,3,450,42.303397308401635
152851,20.249450523560505,22.86042055669651,753,9,300,111.95243883732716
152851,19.64942512306684,20.551966636553814,765,1,600,206.7138985887392
152851,21.173452535981298,19.691765499223926,775,11,500,151.6692803121821
152851,21.11266747008221,19.604986406258437,785,1,500,9.182346712574844
152851,22.083286326093432,18.949278257558397,793,9,400,101.51675278184534
152851,20.720942913318694,20.822236896483744,800,16,350,200.72182682951842
152851,21.290390674841486,20.706700388720655,803,19,150,50.357691667276086
152851,21.34492186624169,19.551331767862695,828,4,1250,100.24341504599664
152851,22.893002987371503,19.642474425411336,833,9,250,134.39935547702308
152851,21.474533960590314,20.56715633823011,835,11,100,146.7482170781819
152851,21.321441773552415,20.27814179242845,837,13,100,28.344985600412453
152851,20.606919731428018,19.164260511271333,846,2,450,114.69092388110047
152851,20.424472293176066,19.06698582566853,876,12,1500,17.919144373256476
152851,21.544042473373224,18.75038406602185,884,20,400,100.83449951481532
152851,21.670249402194525,18.607861180452627,913,9,1450,16.498784525060763
152851,20.5425309648453,17.87036710764711,929,5,800,116.77980008925611
152851,21.561814171238385,17.939422946315577,933,9,200,88.54038045835232
152851,21.248263549029765,18.34873627961383,935,11,100,44.68600883599086
152851,21.646327004961883,19.52662035754754,942,18,350,107.75512471519718
152851,22.23703858415701,17.94629906244868,994,10,2600,146.21659589282754
152851,21.35853009614476,17.963245437711958,996,12,100,76.15156640728128
152851,21.163473239313028,18.142653809345248,1027,3,1550,22.968226811403927
152851,20.967792767964475,18.98697863105815,1030,6,150,75.11431805847938
152851,21.541147708013668,20.88808165549819,1149,5,5950,172.0923437978764
152851,20.73684335655484,18.935871311091073,1155,11,300,182.98842603849064
152851,20.88325625157815,20.578028658566833,1160,16,250,142.88485741384233
152851,21.29295090975962,18.881660063227933,1162,18,100,151.24552885789845
152851,19.9672710961407,21.449869723909128,1199,15,1850,250.48207770683965
152851,19.838518020382345,21.105264791031264,1274,10,3750,31.88225247409107
152851,18.942430862529093,21.35143589323364,1484,20,10500,80.5381170264972
152851,21.165875160544754,20.889417546449568,1566,2,4100,196.81474305156914
152851,21.747476520425952,18.358960989508056,1653,9,4350,225.02429689029762
152851,22.556427882957323,18.125646126858662,1725,1,3600,72.96685528240731
152851,23.187031458156877,20.544180110790446,2000,16,13750,216.61409696430417
152851,22.65358115897566,20.396553922145923,2059,15,2950,47.97003626926133
152851,22.899037982132985,21.073230747780343,2156,12,4850,62.384384708245136
152851,22.25714981815044,18.982070599418726,2265,1,5450,189.57966717222666
197492,19.55230625181997,19.777114139679398,115,11,,
197492,21.883061172301442,21.624180787404402,166,2,2550,257.73789057725105
197492,21.289898003534102,21.242035251979306,225,1,2950,61.15239273946442
197492,21.17226512021897,21.32429015707669,247,3,1100,12.440022554077853
197492,19.352798099509258,20.470231220527047,280,16,1650,174.1951902904132
197492,19.959879686114984,20.605910381356683,299,15,950,53.91174433336112
197492,19.345059916917226,19.921732515706434,320,16,1050,79.71932886340603
197492,19.933452062909108,21.70391035534986,465,1,7250,162.65565203954233
197492,20.47496874915389,22.838649519236775,475,11,500,108.96841260359449
197492,20.225776604907118,20.539986736241843,525,1,2500,200.38464081538254
197492,20.621481538851835,23.237044038454584,566,2,2050,236.24736397469005
197492,18.953232203116816,21.55476375650927,625,1,2950,205.33092553254886
197492,20.833110302794367,20.000981457254937,668,4,2150,211.37040751858112
197492,20.592598398688203,19.724074212991884,719,15,2550,31.787130905600534
197492,20.67590564066956,20.953641290782876,722,18,150,106.80678815606548
197492,20.323050135329634,20.356050308573426,752,8,1500,60.145791855634904
197492,20.211900798383635,20.194957021235194,757,13,250,16.962157322956745
197492,19.486668612087332,20.09081954815309,767,3,500,63.49812631022782
197492,20.365370670905573,21.608760303752852,786,2,950,152.00704432803857
197492,19.672372529115723,19.37531068339523,874,10,4400,202.66928437703788
197492,18.825417614807012,20.375221369850234,881,17,350,113.56819337809564
197492,21.099210990404714,20.713810101085894,991,7,5500,199.2349356700463
197492,20.112313665614714,22.299769107557044,1078,14,4350,161.88888626743687
197492,19.013191278756473,21.9780622190815,1140,16,3100,99.25378090355868
197492,19.643227756021187,21.889269166092998,1196,12,2800,55.142763623723795
197492,20.27387283423792,22.519726637332724,1238,14,2100,77.28362844450756
197492,21.068423444423996,20.416791083616125,1329,5,4550,194.82945430689725
197492,22.454346067313246,21.025245439928067,1355,11,1300,131.17904630090763
197492,20.381375217451076,21.015578151701522,1416,12,3050,179.6594272557509
197492,19.337740848716393,22.295427762909398,1486,2,3500,143.1230589655597
197492,20.770827434488307,21.92554508991572,1508,4,1100,128.2710688508189
197492,22.028815241207283,19.0558707002455,1628,4,6000,271.5526049102324
197492,19.18387488067275,20.988846177446067,1671,7,2150,298.08898706611114
197492,20.10640080644474,19.96611492311324,1693,9,1100,119.36845443890718
197492,22.030041156717147,21.435455924582346,1750,6,2850,209.78624303050864
197492,22.359758595467888,22.15676248644233,1788,4,1900,68.73473972249046
197492,21.045559993780824,20.307082418244413,1844,20,2800,196.64806691398553
197492,18.918465178328287,20.193068350708334,1850,6,300,184.6128482223248
197492,19.85453683438972,21.1020346832194,1854,10,200,113.08090312839761
197492,19.791327122641135,22.710416163333754,1985,1,6550,139.5006667601072
197492,18.761504011471406,20.122949511502526,2074,10,4450,241.3556862736289
197492,22.00482300588455,19.796774571632493,2087,3,650,282.5055267318211
197492,22.21138382802168,22.142772146915068,2157,13,3500,204.10638483170737
197492,22.468586794103985,20.668160252342048,2172,8,750,129.7291330784334
197492,22.77538371186102,22.06772848346819,2205,1,1650,124.17599220685838
197492,22.379388677163817,21.9980818178539,2225,1,1000,34.846329706673146
197492,22.508683396946534,20.368657130833252,2334,10,5450,141.66068803931756
197492,20.513346039238503,22.237633470428065,2379,15,2250,236.94171718482946
197492,21.54561382893813,23.12588874937006,2385,1,300,118.02505287854494
197492,20.467353843830264,22.57194603762512,2397,13,600,105.05977427715362
197492,20.61455784721721,23.153760415244612,2405,1,400,52.01278094059618
197492,20.586517629543053,21.616366247612394,2417,13,600,133.26298754310758
203621,18.339192224866668,21.293079849919717,305,1,,
203621,18.87172032111769,18.050848656800127,446,2,7050,284.7583559453654
203621,18.387087095739282,22.34875180126156,473,9,1350,374.8455145843865
203621,18.56476796367108,22.862349207406307,485,1,600,47.10018679192306
203621,23.39938631028106,23.35972333978452,548,4,3150,421.2117300178573
203621,21.42829983986735,24.055808137185856,567,3,950,181.16683413847994
203621,21.996691274527922,24.087802019747286,573,9,300,49.33856770715272
203621,20.557992653996116,17.105846835155695,579,15,300,617.8157321309674
203621,22.17149147147662,23.587924473482104,587,3,400,578.9223633007215
203621,19.2567655263843,17.385068223323486,616,12,1450,593.973735153568
203621,19.776924942457384,17.620243798499516,636,12,1000,49.47394349433688
203621,18.902922098154637,17.48539177208641,673,9,1850,76.64323146406353
203621,18.920248659042194,17.090986775134773,678,14,250,34.21473458757602
203621,18.64032094455718,19.68326244097052,725,1,2350,225.96997817906336
203621,19.391231036644154,18.80609190767101,731,7,300,100.07257471786399
203621,18.872703033638018,19.626910515716023,737,13,300,84.14322357326165
203621,18.2138001393537,18.380421062793744,745,1,400,122.19351459020912
203621,18.033213071242194,18.354361264380266,747,3,100,15.812998285314968
203621,17.953291098518882,18.756187567452834,752,8,250,35.50710165366112
203621,20.308967242595525,22.493204624061757,793,9,2050,382.85196509818394
203621,19.23679333520189,22.379929906464742,796,12,150,93.43888801156928
203621,21.90809814690288,23.37098968513635,832,8,1800,246.93261708355922
203621,19.624623626169335,17.68609623120946,858,14,1300,530.9510770648994
203621,18.21708788558387,18.45867183824427,862,18,200,139.1541204890311
203621,17.82147647662582,19.685982902286206,893,9,1550,111.75635027130541
203621,18.631386066617967,18.631163995317664,909,5,800,115.25677680874429
203621,19.23509254797451,17.68294128271268,934,10,1250,97.42149956374176
203621,19.578735877089404,18.689637096533023,971,7,1850,92.19016497707295
203621,20.96261645911937,20.83329728507512,1003,19,1600,221.13428351769824
203621,20.27216870592554,19.534023484296224,1010,6,350,127.5158127132932
203621,22.61531492426373,24.916762211058792,1211,7,10050,508.787297089254
203621,22.4861732213942,21.299936192169714,1226,2,750,313.6580060530392
203621,23.444343388071673,21.115007754574982,1281,17,2750,84.57390525130917
203621,19.62941463419452,19.226605161723732,1308,4,1350,368.9165537518974
203621,23.79207166328688,21.719974730877396,1336,12,1400,420.53079180110615
203621,24.237123850317094,20.903448299382955,1344,20,400,80.5947281882472
203621,22.691544327986925,23.296806055579694,1377,13,1650,246.916016502228
203621,22.655037629706747,23.386235682083626,1383,19,300,8.37147833113793
203621,22.720216462699195,24.14146157503775,1407,3,1200,65.69621623209021
203621,23.13414862535733,24.433972696345165,1417,13,500,43.92748465963743
203621,18.779922542348363,20.987253296402564,1425,1,400,481.2861444670231
203621,21.96444382510602,24.63405408672408,1431,7,300,419.5985422589769
203621,21.85997796336691,24.157642823089233,1445,1,700,42.269956032577646
203621,21.41218475652417,24.58976900334887,1447,3,100,53.93228380004307
203621,21.999698694060182,23.757930072335093,1449,5,100,88.2609109748332
203621,21.760366864859755,23.462141126926586,1452,8,150,32.97559324600651
203621,22.19964941336082,23.910640105617603,1462,18,500,54.408480968996194
203621,22.15171519147047,23.673296768927674,1470,6,400,20.9850674928508
203621,23.007891915497165,23.48247379079501,1473,9,150,76.02262429493453
203621,22.68053349420882,23.589306704204404,1499,15,1300,29.843652179340936
203621,22.51644566108618,23.55603056519746,1509,5,500,14.510422324246283
203621,22.69497254946911,24.681663097813495,1529,5,1000,98.77416571209703
203621,22.573573783652076,24.22364826844868,1535,11,300,41.06530099457386
203621,22.52999145731407,24.803120759531776,1538,14,150,50.36278874036204
203621,21.449282652874192,20.24448937066145,1688,4,7500,406.03173003926753
203621,23.923685914983135,19.53476655461114,1707,3,950,223.0951843175327
203621,19.394106440975946,20.848726750704046,1731,7,1200,408.7468812954255
203621,17.009997363733742,19.254530074899403,1908,4,8850,248.56022865326332
203621,20.249425225371766,17.852532617092628,2003,19,4750,305.9160209000444
203621,20.16668437995441,18.494250064403822,2070,6,3350,56.07590043526981
203621,23.52153356577265,17.875706199657788,2105,1,1750,295.6541536399014
203621,23.010501663504606,23.869694889322993,2151,7,2300,521.3636022273364
203621,22.85738532104599,22.126904341606945,2235,11,4200,151.6236617086508
203621,22.676938692763667,23.706323252695686,2287,3,2600,137.77342735558926
203621,23.450415276384213,22.661724825824685,2293,9,300,112.6483951461134
203621,22.99079285529183,22.61577622212114,2295,11,100,40.032499831389174
203621,23.10045867419889,23.472238765515108,2299,15,200,74.83277384569107
203621,22.19248376072285,22.74172543026511,2303,19,200,100.99802458466485
203621,21.850127769666354,22.6370667005402,2313,9,500,31.026312532046052
203621,22.487930945140235,23.509651451477676,2345,1,1600,93.67207563457825
203621,22.574541261553442,22.358562681949834,2347,3,100,100.04302023051031
203621,23.149077220820374,22.79144035840279,2353,9,300,62.34428283983216
203621,23.394639521437405,23.757671558817666,2385,1,1600,86.40208443153706
203621,22.264670359415003,16.990234096798126,2394,10,450,594.6308576101811
203621,23.695876083831156,23.764968200848887,2402,18,400,600.1025049123272
203621,23.105345950471897,17.11849295785399,2406,2,200,578.2969890601673
203621,24.166739382993622,21.005703802340356,2461,17,2750,349.2243433291466
203621,24.696015516014402,22.237913688554656,2553,9,4600,116.22625032336754
203621,23.46774525694398,19.0633982232539,2558,14,250,295.00035174508986
203621,22.714560859801278,20.70974177991536,2585,1,1350,156.90577772939997
203621,24.463833422609632,19.559211885685404,2601,17,800,181.45594233193563
203621,23.52927492195192,19.68496986711514,2623,19,1100,81.72508868601514
203621,22.679447891220534,17.840551172043302,2631,7,400,176.0013365513375
203621,23.2297016859712,17.741907388692145,2633,9,100,48.448901857843445
203621,23.364308274847428,17.60276271679924,2645,1,600,16.77849062073638
203621,23.70905671623729,17.93398216412797,2654,10,450,41.4333574212229
158395,19.61957919071975,21.93791022099277,94,10,,
158395,19.474932231715098,20.071170122178213,220,16,6300,162.2691024655415
158395,18.458005346703438,23.482274945134904,295,11,3750,308.48678790719265
158395,21.473624506264365,24.042259861907564,500,16,10250,265.82154429922247
158395,20.87994931976254,17.733691371247893,551,7,2550,549.1582342378047
158395,19.615061001577597,19.466921923484833,560,16,450,185.96070937370058
158395,20.68398424987246,17.175195109458716,563,19,150,219.15888406433348
158395,20.394530530268487,18.245272835177882,590,6,1350,96.07303132594643
158395,22.07639973605613,19.751452269223204,605,1,750,195.66831648175722
158395,22.259915662546177,19.37428463913398,608,4,150,36.35183888497613
158395,21.245618236906743,18.424093639042677,632,8,1200,120.45301758665467
158395,22.132032991302843,20.002831563387815,645,1,650,156.91560775673312
158395,21.617008051404177,19.455022002779625,652,8,350,65.16422828396995
158395,21.47197586272372,21.576443427918125,671,7,950,184.28568167633748
158395,21.384531574173664,17.96084156684143,748,4,3850,313.4437919712912
158395,21.92370632039065,19.252844029096586,773,9,1250,121.3327071474555
158395,21.50948114681379,18.08477420161451,785,1,600,107.40967578068032
158395,20.89289773394253,17.46739261435801,797,13,600,75.62058416231359
158395,21.128186114196303,18.48039258242957,799,15,100,90.13039816868483
158395,21.903601192215646,21.047251455265155,857,13,2900,232.39005331079736
158395,20.938015452124137,23.204476557668794,909,5,2600,204.83380123630093
158395,21.15114372711165,22.509768511404666,920,16,550,62.97768753498285
158395,21.555777163680737,22.789602630387634,933,9,650,42.637476739548575
158395,19.72532453878507,18.073566765475633,1015,11,4100,438.4301355416928
158395,22.315766191496486,18.78958310198465,1128,4,5650,232.92329516552658
158395,22.228149503765735,22.8866433704737,1192,8,3200,355.1597412222955
158395,23.43705073429297,22.699954404365233,1211,7,950,106.01338436150162
158395,20.64358311151899,18.191355654390748,1217,13,300,459.66781068608447
158395,23.199854437680017,22.882686720052217,1265,1,2400,463.02318799819614
158395,22.227030892973005,23.219933238685037,1282,18,850,89.23388143918335
158395,22.402043909375394,23.780607356563305,1284,20,100,50.90403554416372
158395,23.225568621883898,23.627715450369358,1336,12,2600,72.59174789909201
158395,21.43079290262478,19.375077297796526,1889,5,27650,400.0410835856219
158395,20.605115895033588,20.788998465661546,1954,10,3250,141.9036816806007
158395,20.714425527196525,20.33256312141258,1983,19,1450,40.67629800624679
158395,21.04477190659742,21.79981983151039,2028,4,2250,130.3453696483216
158395,20.968552729977286,23.826272380423973,2077,13,2450,175.7500701443486
158395,21.923963364186275,18.634945290107638,2108,4,1550,457.47101951321747
158395,21.5982958965924,24.43614065540531,2148,4,2000,503.5618755854355
158395,21.620468220149846,25.157378251062,2159,15,550,62.536788299431336
158395,20.844596896366646,24.701239070912504,2163,19,200,78.00189040514817
158395,20.44748105820493,21.296728370856098,2265,1,5100,297.0580640717492
158395,22.185934303283076,23.22266729679976,2282,18,850,224.85717076225504
158395,21.555978834924574,20.726392805883393,2286,2,200,223.1263626252431
158395,22.585519730785073,23.66967520729625,2292,8,300,270.23975461068596
158395,22.259212179689303,24.180688016032416,2298,14,300,52.54678751253877
158395,21.826830879275345,23.682648587910112,2311,7,650,57.16038624165347
158395,21.928256414385608,22.9610177786689,2319,15,400,63.15605002043449
158395,21.60863037566052,22.119764439775267,2330,6,550,77.99364345506378
158395,21.27067049546352,24.29836683591187,2381,17,2550,191.07052479259676
158395,21.042531283705863,24.16646234890645,2396,12,750,22.83897606585246
158395,21.09937094413469,22.833678968732844,2446,2,2500,115.61288783282582
158395,21.14107572213376,24.287996982896466,2465,1,950,126.09270831787268
158395,21.958492938250092,23.72107269886964,2479,15,700,86.21369169036693
86793,20.691889550759623,19.247661897410914,431,7,,
86793,20.72513235545805,19.016520719313196,433,9,100,20.238351358798035
86793,21.54762345951864,19.974470761947366,449,5,800,109.4253724740967
86793,22.199962418073678,18.906115252793736,487,3,1900,108.48678449431355
86793,19.203590119521,23.549892677253773,606,2,5950,478.96892762073344
86793,23.11026075857917,21.40806847415748,677,13,3550,386.1239410367351
86793,18.179223933490988,20.390454488263043,684,20,350,436.3618246210192
86793,20.714074565009472,23.382702374752455,717,13,1650,339.8727577834186
86793,22.352077510053423,22.740283178164464,735,11,900,152.48792683544102
86793,19.201750183339414,21.12609333663832,770,6,1750,306.78250837995625
86793,20.050141380277662,22.555478242084234,775,11,250,144.05733309763409
86793,19.401310933609793,22.626442618540715,778,14,150,56.56730685989926
86793,21.602614494372126,22.39288538733502,785,1,350,191.85045016269018
86793,22.335050481646448,22.03626025916174,807,3,1100,70.60243269883401
86793,22.334900740275952,21.669880141279183,871,7,3200,31.75294620182321
86793,21.87018873442632,21.707640005522343,905,1,1700,40.40777505937736
86793,19.604486922879595,19.562093242587885,1071,7,8300,270.4329925814531
86793,18.313267475707413,19.70969584578771,1105,1,1700,112.63446837336015
86793,18.89159016986256,21.5093654743946,1144,20,1950,163.82677530572516
86793,18.74139607841734,21.18012637316397,1173,9,1450,31.362875434664485
86793,17.72828870297174,21.756588643036434,1182,18,450,101.02134123659765
86793,17.796384069133026,20.350774351027795,1184,20,100,121.98008683094649
86793,19.578232145300422,20.992589817377944,1213,9,1450,164.1392000625652
86793,20.743612819597054,20.884633234371314,1297,13,4200,101.43209639572524
86793,20.952965649909363,21.292931783342972,1305,1,400,39.76633799149499
86793,21.50008838839109,19.865671523502623,1307,3,100,132.47291693153744
86793,22.614619939984713,21.068667955819095,1309,5,100,142.127546515592
86793,21.653095349856166,22.98638236307742,1374,10,3250,185.92288920153447
86793,18.466376694356356,19.953925005123153,1410,6,1800,381.2444248040317
86793,18.309318151406096,19.181294803043993,1416,12,300,68.33076214618734
86793,18.830872078174867,19.661355580502455,1435,11,950,61.434187879876475
86793,22.087582955035895,22.85767777008708,1470,6,1750,395.4758807361761
86793,20.615950680732148,22.230876493063207,1479,15,450,138.62824069976972
86793,20.22438646365984,22.912102638113495,1482,18,150,68.09770100794493
86793,21.621526374081764,19.44343509950422,1557,13,3750,324.08761486401517
86793,22.59692317242387,20.21802335355567,1559,15,100,107.9473561618821
86793,23.997698209352812,21.109660487868506,1612,8,2650,143.90810102891538
86793,19.745457433258828,18.163543727827463,1622,18,500,448.3369414131106
86793,17.966790970323586,20.632201834987384,1691,7,3450,263.6992986932458
86793,22.623895515161646,19.673177795947897,1702,18,550,412.0847337074781
86793,18.52706727550277,18.83356029375064,1791,7,4450,362.43829210374844
86793,22.297383059093935,18.155048366283776,1854,10,3150,332.0098032613721
86793,19.966615010024327,17.924514475814444,1869,5,750,202.9855738578435
86793,22.751481651813165,20.75515642268171,1948,4,3950,344.14433092470284
86793,23.213704872931913,18.741748901220152,1983,19,1750,179.03454241032478
86793,23.230602345184302,18.950360353118192,1986,2,150,18.13887213316973
86793,23.014093599213606,22.74904297760811,2072,8,4300,329.75346389942064
86793,23.27554352475327,22.283706602375645,2191,7,5950,46.25873465137024
86793,22.998438535406407,21.254685795945562,2240,16,2450,92.35881674488508
86793,19.217362663909384,22.440349489076755,2277,13,1850,343.4268028451073
86793,19.036810152884986,22.302388624393757,2283,19,300,19.693063857554915
86793,22.66417599068607,22.12896605208974,2292,8,450,314.7307882663052
86793,23.81629477080566,21.71316070286096,2316,12,1200,106.15417078942973
86793,19.283851310224307,18.87755286148345,2551,7,11750,463.3524182416068
86793,20.033523469502832,20.410798173277254,2561,17,500,147.91462567582167
86793,19.102056277376143,20.09941532258353,2563,19,100,85.1184218843255
86793,24.13236358263398,22.036238224984892,2726,2,8150,467.1588546075742
86793,23.037971743372726,20.542184664876572,2745,1,950,160.50632828992724
