,synID,x,y,frame,frameRelat,timeFromLast,distFromLast,cluster,cluster_o,x_o,y_o,G
0,58506,20.567313215729573,19.36056054070736,1305,1,,,1.0,-1.0,20.567313215729573,19.36056054070736,"b""\x80\x04\x95@\x02\x00\x00\x00\x00\x00\x00\x8c\x18networkx.classes.digraph\x94\x8c\x07DiGraph\x94\x93\x94)\x81\x94}\x94(\x8c\x05graph\x94}\x94\x8c\x05_node\x94}\x94(K\x00}\x94(\x8c\x01x\x94G@4\x91;p\\%\xa9\x8c\x01y\x94G@3\\M\xb2\x12\x90\xf2\x8c\x05frame\x94G@\x94d\x00\x00\x00\x00\x00\x8c\nframeRelat\x94G?\xf0\x00\x00\x00\x00\x00\x00uK\x01}\x94(h\nG@6\xe3AI\x82\xc2>h\x0bG@5[/\x831t\xbbh\x0cG@\x9a\x04\x00\x00\x00\x00\x00h\rG?\xf0\x00\x00\x00\x00\x00\x00uK\x02}\x94(h\nG@5\x80\xfeH\x1a'\xa7h\x0bG@6\xb8LR\x042jh\x0cG@\x9a\xf4\x00\x00\x00\x00\x00h\rG?\xf0\x00\x00\x00\x00\x00\x00uK\x03}\x94(h\nG@7\x1c\xb4$\xfc\xecvh\x0bG@6Y\xf9\x1e\xdd\xe5Lh\x0cG@\x9dt\x00\x00\x00\x00\x00h\rG?\xf0\x00\x00\x00\x00\x00\x00uK\x04}\x94(h\nG@82\xe1\xeb'L'h\x0bG@8\x15\xb6\x15\x82Uwh\x0cG@\x9d\xc4\x00\x00\x00\x00\x00h\rG?\xf0\x00\x00\x00\x00\x00\x00uu\x8c\x04_adj\x94}\x94(K\x00}\x94K\x01}\x94(\x8c\x0ctimeFromLast\x94G@\xd1\x94\x00\x00\x00\x00\x00\x8c\x0cdistFromLast\x94G@p\x93\xee%\xb4\xfd\xdeusK\x01}\x94K\x02}\x94(h\x16G@\xa7p\x00\x00\x00\x00\x00h\x17G@e\x0c8\x8b\xde%\x83usK\x02}\x94K\x03}\x94(h\x16G@\xbf@\x00\x00\x00\x00\x00h\x17G@a\xdf\xc1\xbf{\x9d\xd9usK\x03}\x94K\x04}\x94(h\x16G@\x8f@\x00\x00\x00\x00\x00h\x17G@f)\xae2\t\xf4\xbdusK\x04}\x94u\x8c\x05_succ\x94h\x13\x8c\x05_pred\x94}\x94(K\x00}\x94K\x01}\x94K\x00h\x15sK\x02}\x94K\x01h\x19sK\x03}\x94K\x02h\x1bsK\x04}\x94K\x03h\x1dsuub."""
1,58506,22.887714952872777,21.35619373280927,1665,1,18000.0,265.2456414289462,2.0,-1.0,22.887714952872777,21.35619373280927,
2,58506,21.50388003004596,22.719914556526795,1725,1,3000.0,168.38190263164515,3.0,-1.0,21.50388003004596,22.719914556526795,
3,58506,23.112123786686844,22.351457528280022,1885,1,8000.0,142.99240087646356,4.0,-1.0,23.112123786686844,22.351457528280022,
4,58506,24.19875974378024,24.08480963165263,1905,1,1000.0,177.30251409477742,5.0,-1.0,24.19875974378024,24.08480963165263,
5,35877,21.434285454171807,20.105737032358917,205,1,,,1.0,-1.0,21.434285454171807,20.105737032358917,"b'\x80\x04\x95\x9c\x02\x00\x00\x00\x00\x00\x00\x8c\x18networkx.classes.digraph\x94\x8c\x07DiGraph\x94\x93\x94)\x81\x94}\x94(\x8c\x05graph\x94}\x94\x8c\x05_node\x94}\x94(K\x00}\x94(\x8c\x01x\x94G@5o-T\xde\xcb\xe2\x8c\x01y\x94G@4\x1b\x11\x95\x07\xf5(\x8c\x05frame\x94G@i\xa0\x00\x00\x00\x00\x00\x8c\nframeRelat\x94G?\xf0\x00\x00\x00\x00\x00\x00uK\x01}\x94(h\nG@5\xa4XD\xf7?ch\x0bG@5{z\xce\xa7\x82Gh\x0cG@l \x00\x00\x00\x00\x00h\rG?\xf0\x00\x00\x00\x00\x00\x00uK\x02}\x94(h\nG@4\xb4\xde\xbb\xd9\xa3Wh\x0bG@5St\xd5s\xf7(h\x0cG@\x82H\x00\x00\x00\x00\x00h\rG?\xf0\x00\x00\x00\x00\x00\x00uK\x03}\x94(h\nG@7\x183^?\xc7Bh\x0bG@4\xd2L(\x90{\xe9h\x0cG@\x86\xa8\x00\x00\x00\x00\x00h\rG?\xf0\x00\x00\x00\x00\x00\x00uK\x04}\x94(h\nG@5o\xb8\x9a9\xe6&h\x0bG@75\x00K\xe3\xdb\xbah\x0cG@\x9c4\x00\x00\x00\x00\x00h\rG?\xf0\x00\x00\x00\x00\x00\x00uK\x05}\x94(h\nG@5\x1c,\x93%!\xe5h\x0bG@3\x16\xac\xae\xc8\xa9\x7fh\x0cG@\xa1\x8a\x00\x00\x00\x00\x00h\rG?\xf0\x00\x00\x00\x00\x00\x00uu\x8c\x04_adj\x94}\x94(K\x00}\x94K\x01}\x94(\x8c\x0ctimeFromLast\x94G@\x8f@\x00\x00\x00\x00\x00\x8c\x0cdistFromLast\x94G@^)\xfb\xf9\x9bz\x01usK\x01}\x94K\x02}\x94(h\x17G@\xd1\x94\x00\x00\x00\x00\x00h\x18G@T\x8c\x96l]\x98\xefusK\x02}\x94K\x03}\x94(h\x17G@\xbbX\x00\x00\x00\x00\x00h\x18G@jp\xf2\x8a\x15\x1ccusK\x03}\x94K\x04}\x94(h\x17G@\xea^\x00\x00\x00\x00\x00h\x18G@oy""\x0e\xf4\xe0\x9cusK\x04}\x94K\x05}\x94(h\x17G@\xd5|\x00\x00\x00\x00\x00h\x18G@v`\xd7\x1f&\xfe\x11usK\x05}\x94u\x8c\x05_succ\x94h\x14\x8c\x05_pred\x94}\x94(K\x00}\x94K\x01}\x94K\x00h\x16sK\x02}\x94K\x01h\x1asK\x03}\x94K\x02h\x1csK\x04}\x94K\x03h\x1esK\x05}\x94K\x04h suub.'"
6,35877,21.641971884120164,21.482342639823653,225,1,1000.0,120.6560043352438,2.0,-1.0,21.641971884120164,21.482342639823653,
7,35877,20.706523647913254,21.3260014923209,585,1,18000.0,82.19668110981341,3.0,-1.0,20.706523647913254,21.3260014923209,
8,35877,23.09453381592835,20.82147458579485,725,1,7000.0,211.52960685847492,4.0,-1.0,23.09453381592835,20.82147458579485,
9,35877,21.43641055978346,23.207035773400754,1805,1,54000.0,251.78540752246488,5.0,-1.0,21.43641055978346,23.207035773400754,
10,35877,21.110055157247093,19.088572429647225,2245,1,22000.0,358.052519943537,6.0,-1.0,21.110055157247093,19.088572429647225,
11,93713,22.356711468525077,20.795329947373986,1145,1,,,1.0,0.0,22.233484995194253,20.90436017507021,"b'\x80\x04\x95@\x02\x00\x00\x00\x00\x00\x00\x8c\x18networkx.classes.digraph\x94\x8c\x07DiGraph\x94\x93\x94)\x81\x94}\x94(\x8c\x05graph\x94}\x94\x8c\x05_node\x94}\x94(K\x00}\x94(\x8c\x01x\x94G@6[Qq[l`\x8c\x01y\x94G@4\xcb\x9a\xbeQ\x80,\x8c\x05frame\x94G@\x91\xe4\x00\x00\x00\x00\x00\x8c\nframeRelat\x94G?\xf0\x00\x00\x00\x00\x00\x00uK\x01}\x94(h\nG@6[Qq[l`h\x0bG@4\xcb\x9a\xbeQ\x80,h\x0cG@\x92\xd4\x00\x00\x00\x00\x00h\rG?\xf0\x00\x00\x00\x00\x00\x00uK\x02}\x94(h\nG@3\xa5\xc8\xa7\xfc\r\xb4h\x0bG@3_!qd\xa6\x03h\x0cG@\xa0J\x00\x00\x00\x00\x00h\rG?\xf0\x00\x00\x00\x00\x00\x00uK\x03}\x94(h\nG@5\x80\nZ\x98!jh\x0bG@4\x88%\xc0R\xc0\xb4h\x0cG@\xa0\x9a\x00\x00\x00\x00\x00h\rG?\xf0\x00\x00\x00\x00\x00\x00uK\x04}\x94(h\nG@56\x83\xdc\x9fB\xc9h\x0bG@5_(\xa4o\xdf\x99h\x0cG@\xa1:\x00\x00\x00\x00\x00h\rG?\xf0\x00\x00\x00\x00\x00\x00uu\x8c\x04_adj\x94}\x94(K\x00}\x94K\x01}\x94(\x8c\x0ctimeFromLast\x94G@\xa7p\x00\x00\x00\x00\x00\x8c\x0cdistFromLast\x94G@<\x85\x0cj\xc0\x1e\x9eusK\x01}\x94K\x02}\x94(h\x16G@\xe5|\x00\x00\x00\x00\x00h\x17G@p\xea\x00.\xdf\\\xcausK\x02}\x94K\x03}\x94(h\x16G@\x9f@\x00\x00\x00\x00\x00h\x17G@g\xae3\xb5H\xc8NusK\x03}\x94K\x04}\x94(h\x16G@\xaf@\x00\x00\x00\x00\x00h\x17G@S;n`\x92p\xcausK\x04}\x94u\x8c\x05_succ\x94h\x13\x8c\x05_pred\x94}\x94(K\x00}\x94K\x01}\x94K\x00h\x15sK\x02}\x94K\x01h\x19sK\x03}\x94K\x02h\x1bsK\x04}\x94K\x03h\x1dsuub.'"
12,93713,22.356711468525077,20.795329947373986,1205,1,3000.0,28.519720718292426,1.0,0.0,22.479937941855898,20.686299719677763,
13,93713,19.647593020473963,19.371604048797973,2085,1,44000.0,270.62504470110855,2.0,-1.0,19.647593020473963,19.371604048797973,
14,93713,21.500157987729303,20.531826038554485,2125,1,2000.0,189.443812029031,3.0,-1.0,21.500157987729303,20.531826038554485,
15,93713,21.21294955146985,21.371713902771805,2205,1,4000.0,76.92861189175451,4.0,-1.0,21.21294955146985,21.371713902771805,
16,74982,18.280462873860504,18.966407685180428,365,1,,,2.0,-1.0,18.280462873860504,18.966407685180428,"b'\x80\x04\x95\x0c\x04\x00\x00\x00\x00\x00\x00\x8c\x18networkx.classes.digraph\x94\x8c\x07DiGraph\x94\x93\x94)\x81\x94}\x94(\x8c\x05graph\x94}\x94\x8c\x05_node\x94}\x94(K\x00}\x94(\x8c\x01x\x94G@2G\xccj6\xf9\x19\x8c\x01y\x94G@2\xf7f~zs\xf8\x8c\x05frame\x94G@v\xd0\x00\x00\x00\x00\x00\x8c\nframeRelat\x94G?\xf0\x00\x00\x00\x00\x00\x00uK\x01}\x94(h\nG@6\xe3\xb6\x95\x00t\x08h\x0bG@6\xdd\xb2`\xc8Z\xdeh\x0cG@\x82\xe8\x00\x00\x00\x00\x00h\rG?\xf0\x00\x00\x00\x00\x00\x00uK\x02}\x94(h\nG@5\xb6\xae\xab\x9e54h\x0bG@6\xcc\xda\x1f\x9b\x19|h\x0cG@\x83\x88\x00\x00\x00\x00\x00h\rG?\xf0\x00\x00\x00\x00\x00\x00uK\x03}\x94(h\nG@2\xa3\xd6U\xd2\\qh\x0bG@3yKR\xae1\xadh\x0cG@\x90\xa4\x00\x00\x00\x00\x00h\rG?\xf0\x00\x00\x00\x00\x00\x00uK\x04}\x94(h\nG@3^\xb1]\x93\x9c\xf8h\x0bG@4\xea\t\xc4)m\xa8h\x0cG@\x93$\x00\x00\x00\x00\x00h\rG?\xf0\x00\x00\x00\x00\x00\x00uK\x05}\x94(h\nG@7\x14XX\xa5\xc7\xedh\x0bG@6E\x1cV\x16\x17*h\x0cG@\x9dt\x00\x00\x00\x00\x00h\rG?\xf0\x00\x00\x00\x00\x00\x00uK\x06}\x94(h\nG@6\xa4>\xaen\xcf\xdeh\x0bG@5\xd0\xd1\xe0\x99\x7f\x17h\x0cG@\x9e\xb4\x00\x00\x00\x00\x00h\rG?\xf0\x00\x00\x00\x00\x00\x00uK\x07}\x94(h\nG@5F\xec\xff[|\xc9h\x0bG@33\xc9$\x83t\x90h\x0cG@\xa1\x8a\x00\x00\x00\x00\x00h\rG?\xf0\x00\x00\x00\x00\x00\x00uK\x08}\x94(h\nG@4|>\xc1\x86:th\x0bG@3`6.o>\x80h\x0cG@\xa4Z\x00\x00\x00\x00\x00h\rG?\xf0\x00\x00\x00\x00\x00\x00uK\t}\x94(h\nG@5F\xec\xff[|\xc9h\x0bG@33\xc9$\x83t\x90h\x0cG@\xa4\xfa\x00\x00\x00\x00\x00h\rG?\xf0\x00\x00\x00\x00\x00\x00uu\x8c\x04_adj\x94}\x94(K\x00}\x94K\x01}\x94(\x8c\x0ctimeFromLast\x94G@\xc7p\x00\x00\x00\x00\x00\x8c\x0cdistFromLast\x94G@\x80Y\xed_\xd6L`usK\x01}\x94K\x02}\x94(h\x1bG@\x8f@\x00\x00\x00\x00\x00h\x1cG@Y\x84\x8a\xc5\x95\xf5\xc8usK\x02}\x94K\x03}\x94(h\x1bG@\xd5|\x00\x00\x00\x00\x00h\x1cG@x\x88>P\xe1\x14\xc1usK\x03}\x94K\x04}\x94(h\x1bG@\xbf@\x00\x00\x00\x00\x00h\x1cG@a~V\x9b9r\xeausK\x04}\x94K\x05}\x94(h\x1bG@\xe0\x1d\x00\x00\x00\x00\x00h\x1cG@ud\xbas\xe0T\x0fusK\x05}\x94K\x06}\x94(h\x1bG@\xaf@\x00\x00\x00\x00\x00h\x1cG@KWa2\xe8\x8c\xc1usK\x06}\x94K\x07}\x94(h\x1bG@\xcbX\x00\x00\x00\x00\x00h\x1cG@q,4`\x0f\x9c.usK\x07}\x94K\x08}\x94(h\x1bG@\xd1\x94\x00\x00\x00\x00\x00h\x1cG@N/\xc9\x15y\xe1PusK\x08}\x94K\t}\x94(h\x1bG@\xaf@\x00\x00\x00\x00\x00h\x1cG@U\x04RE\xbe\x0eUusK\t}\x94u\x8c\x05_succ\x94h\x18\x8c\x05_pred\x94}\x94(K\x00}\x94K\x01}\x94K\x00h\x1asK\x02}\x94K\x01h\x1esK\x03}\x94K\x02h sK\x04}\x94K\x03h""sK\x05}\x94K\x04h$sK\x06}\x94K\x05h&sK\x07}\x94K\x06h(sK\x08}\x94K\x07h*sK\t}\x94K\x08h,suub.'"
17,74982,22.889504730806976,22.866003083147795,605,1,12000.0,523.2409054510172,3.0,-1.0,22.889504730806976,22.866003083147795,
18,74982,21.71360275852676,22.80020329987154,625,1,1000.0,102.0709699596838,4.0,-1.0,21.71360275852676,22.80020329987154,
19,74982,18.63998924623269,19.47380558731827,1065,1,22000.0,392.51521385118764,5.0,-1.0,18.63998924623269,19.47380558731827,
20,74982,19.369893883264893,20.914211521257727,1225,1,8000.0,139.9480720636414,6.0,-1.0,19.369893883264893,20.914211521257727,
21,74982,23.079473057245128,22.269963627236542,1885,1,33000.0,342.2955206644846,7.0,-1.0,23.079473057245128,22.269963627236542,
22,74982,22.64158144193049,21.815702474093168,1965,1,4000.0,54.68265377383205,8.0,-1.0,22.64158144193049,21.815702474093168,
23,74982,21.277053794704248,19.2022879429756,2245,1,14000.0,274.76278692338644,1.0,0.0,21.098918967055663,19.046002216677252,
24,74982,20.485332579870786,19.37582674232408,2605,1,18000.0,60.37332409335306,9.0,-1.0,20.485332579870786,19.37582674232408,
25,74982,21.277053794704248,19.2022879429756,2685,1,4000.0,84.06752151069789,1.0,0.0,21.455188622352832,19.358573669273955,
26,51518,21.933708244246045,22.135318983838737,765,1,,,1.0,-1.0,21.933708244246045,22.135318983838737,"b'\x80\x04\x95\x9c\x02\x00\x00\x00\x00\x00\x00\x8c\x18networkx.classes.digraph\x94\x8c\x07DiGraph\x94\x93\x94)\x81\x94}\x94(\x8c\x05graph\x94}\x94\x8c\x05_node\x94}\x94(K\x00}\x94(\x8c\x01x\x94G@5\xef\x07\x80\xe5\n\xd7\x8c\x01y\x94G@6""\xa4C\xd2\x1d\x86\x8c\x05frame\x94G@\x87\xe8\x00\x00\x00\x00\x00\x8c\nframeRelat\x94G?\xf0\x00\x00\x00\x00\x00\x00uK\x01}\x94(h\nG@2\xe1\x06\xba\x8f\xfd\x06h\x0bG@6\x81\xbb\xe7w\x0fQh\x0cG@\x89(\x00\x00\x00\x00\x00h\rG?\xf0\x00\x00\x00\x00\x00\x00uK\x02}\x94(h\nG@3p~\xa6F\x1f>h\x0bG@5\xbfzN\xd6MFh\x0cG@\x9b\x94\x00\x00\x00\x00\x00h\rG?\xf0\x00\x00\x00\x00\x00\x00uK\x03}\x94(h\nG@7\xec\x07\x86\x03\xb8\xadh\x0bG@5\xc2\x9a\xf9\xfd\xfc\x08h\x0cG@\xa0J\x00\x00\x00\x00\x00h\rG?\xf0\x00\x00\x00\x00\x00\x00uK\x04}\x94(h\nG@85\x92\xfd\x8cy\x89h\x0bG@4\xf2+F\xea\x18\x81h\x0cG@\xa0r\x00\x00\x00\x00\x00h\rG?\xf0\x00\x00\x00\x00\x00\x00uK\x05}\x94(h\nG@:\xc0\xdd\x9c\x9a\x06,h\x0bG@1\xb3\xf3\xc6\xc8kyh\x0cG@\xa1\xb2\x00\x00\x00\x00\x00h\rG?\xf0\x00\x00\x00\x00\x00\x00uu\x8c\x04_adj\x94}\x94(K\x00}\x94K\x01}\x94(\x8c\x0ctimeFromLast\x94G@\x9f@\x00\x00\x00\x00\x00\x8c\x0cdistFromLast\x94G@p\xab\r\xc4JSmusK\x01}\x94K\x02}\x94(h\x17G@\xe7p\x00\x00\x00\x00\x00h\x18G@TpW\x7fwg\x9fusK\x02}\x94K\x03}\x94(h\x17G@\xcf@\x00\x00\x00\x00\x00h\x18G@xG\xd6\x96\xf2J\xa4usK\x03}\x94K\x04}\x94(h\x17G@\x8f@\x00\x00\x00\x00\x00h\x18G@R\xb4\xff\xb0\x91/#usK\x04}\x94K\x05}\x94(h\x17G@\xbf@\x00\x00\x00\x00\x00h\x18G@vS\xa6\xf4\xf0\xdb\x7fusK\x05}\x94u\x8c\x05_succ\x94h\x14\x8c\x05_pred\x94}\x94(K\x00}\x94K\x01}\x94K\x00h\x16sK\x02}\x94K\x01h\x1asK\x03}\x94K\x02h\x1csK\x04}\x94K\x03h\x1esK\x05}\x94K\x04h suub.'"
27,51518,18.87900892272321,22.506773439948407,805,1,2000.0,266.6908610251765,2.0,-1.0,18.87900892272321,22.506773439948407,
28,51518,19.439432518119467,21.747960021323955,1765,1,48000.0,81.75534044895765,3.0,-1.0,19.439432518119467,21.747960021323955,
29,51518,23.92198979941229,21.760177254207548,2085,1,16000.0,388.4898900475039,4.0,-1.0,23.92198979941229,21.760177254207548,
30,51518,24.20927414588508,20.94597285475948,2105,1,1000.0,74.82810606172693,5.0,-1.0,24.20927414588508,20.94597285475948,
31,51518,26.75338152656893,17.702938484125728,2265,1,8000.0,357.22826093754696,6.0,-1.0,26.75338152656893,17.702938484125728,
32,50024,21.40461416002416,21.466719174835912,765,1,,,2.0,-1.0,21.40461416002416,21.466719174835912,b'\x80\x04\x95\xf8\x02\x00\x00\x00\x00\x00\x00\x8c\x18networkx.classes.digraph\x94\x8c\x07DiGraph\x94\x93\x94)\x81\x94}\x94(\x8c\x05graph\x94}\x94\x8c\x05_node\x94}\x94(K\x00}\x94(\x8c\x01x\x94G@5g\x94\xcb(\xcdb\x8c\x01y\x94G@5wz\xe8hV\x1b\x8c\x05frame\x94G@\x87\xe8\x00\x00\x00\x00\x00\x8c\nframeRelat\x94G?\xf0\x00\x00\x00\x00\x00\x00uK\x01}\x94(h\nG@5\xf1\xbd#\xe6}\x1ah\x0bG@6=J(\x8b\xe7\xf7h\x0cG@\x9dt\x00\x00\x00\x00\x00h\rG?\xf0\x00\x00\x00\x00\x00\x00uK\x02}\x94(h\nG@6\x15\xc9\xaaW\xb1\xbeh\x0bG@4\xf8\x1f\x1f\xe7\xa6[h\x0cG@\x9d\xc4\x00\x00\x00\x00\x00h\rG?\xf0\x00\x00\x00\x00\x00\x00uK\x03}\x94(h\nG@6\x9c@\xe3\x0b\x90th\x0bG@6\x13\x83\xb2\xbfI\x86h\x0cG@\xa0r\x00\x00\x00\x00\x00h\rG?\xf0\x00\x00\x00\x00\x00\x00uK\x04}\x94(h\nG@6\x15\xc9\xaaW\xb1\xbeh\x0bG@4\xf8\x1f\x1f\xe7\xa6[h\x0cG@\xa1\xda\x00\x00\x00\x00\x00h\rG?\xf0\x00\x00\x00\x00\x00\x00uK\x05}\x94(h\nG@6L{\x91\xa9\xbe\xe3h\x0bG@2\x97\x0bp\xfa&sh\x0cG@\xa4\xaa\x00\x00\x00\x00\x00h\rG?\xf0\x00\x00\x00\x00\x00\x00uK\x06}\x94(h\nG@7\x84\x96\xaf\xa7\x9b\xbch\x0bG@2B&\xea\x17tXh\x0cG@\xa4\xd2\x00\x00\x00\x00\x00h\rG?\xf0\x00\x00\x00\x00\x00\x00uu\x8c\x04_adj\x94}\x94(K\x00}\x94K\x01}\x94(\x8c\x0ctimeFromLast\x94G@\xebX\x00\x00\x00\x00\x00\x8c\x0cdistFromLast\x94G@Tk\xbd\x89d\xe9\xccusK\x01}\x94K\x02}\x94(h\x18G@\x8f@\x00\x00\x00\x00\x00h\x19G@\\\xe4\xa5\xeep\x8c\x00usK\x02}\x94K\x03}\x94(h\x18G@\xc3\x88\x00\x00\x00\x00\x00h\x19G@ZP\xb8\xbe\xc7\x81AusK\x03}\x94K\x04}\x94(h\x18G@\xc1\x94\x00\x00\x00\x00\x00h\x19G@[\rX<\x16\x1aUusK\x04}\x94K\x05}\x94(h\x18G@\xd1\x94\x00\x00\x00\x00\x00h\x19G@jnBE\xdd\xd3\xc8usK\x05}\x94K\x06}\x94(h\x18G@\x8f@\x00\x00\x00\x00\x00h\x19G@[_\xfc\x14\xd4~IusK\x06}\x94u\x8c\x05_succ\x94h\x15\x8c\x05_pred\x94}\x94(K\x00}\x94K\x01}\x94K\x00h\x17sK\x02}\x94K\x01h\x1bsK\x03}\x94K\x02h\x1dsK\x04}\x94K\x03h\x1fsK\x05}\x94K\x04h!sK\x06}\x94K\x05h#suub.'
33,50024,21.944292300960207,22.239412817150846,1885,1,56000.0,81.68344340185939,3.0,-1.0,21.944292300960207,22.239412817150846,
34,50024,22.085108419809096,20.969224924140104,1905,1,1000.0,115.57262764922052,1.0,0.0,22.20446377664011,20.931508941826404,
35,50024,22.61036509544688,22.07622830553148,2105,1,10000.0,105.26127595408344,4.0,-1.0,22.61036509544688,22.07622830553148,
36,50024,22.085108419809096,20.969224924140104,2285,1,9000.0,108.20851041944964,1.0,0.0,21.96575306297808,21.006940906453803,
37,50024,22.29876051325017,18.590018330642533,2645,1,18000.0,211.4455899555744,5.0,-1.0,22.29876051325017,18.590018330642533,
38,50024,23.517924288196568,18.25840628693217,2665,1,1000.0,109.49976082564639,6.0,-1.0,23.517924288196568,18.25840628693217,
39,48628,20.959875027029245,23.127738806991744,205,1,,,2.0,-1.0,20.959875027029245,23.127738806991744,"b'\x80\x04\x95T\x03\x00\x00\x00\x00\x00\x00\x8c\x18networkx.classes.digraph\x94\x8c\x07DiGraph\x94\x93\x94)\x81\x94}\x94(\x8c\x05graph\x94}\x94\x8c\x05_node\x94}\x94(K\x00}\x94(\x8c\x01x\x94G@4\xf5\xba^\xa9Vu\x8c\x01y\x94G@7 \xb3}\x8eu\xa8\x8c\x05frame\x94G@i\xa0\x00\x00\x00\x00\x00\x8c\nframeRelat\x94G?\xf0\x00\x00\x00\x00\x00\x00uK\x01}\x94(h\nG@6\xfdS\x8bN\xe8\xe0h\x0bG@3-{\xab\xc9\xcdvh\x0cG@x\x10\x00\x00\x00\x00\x00h\rG?\xf0\x00\x00\x00\x00\x00\x00uK\x02}\x94(h\nG@4\xeb\xad\x99g\x9e\xf2h\x0bG@3F\xaa.\xeaO\x00h\x0cG@\x8e\xc8\x00\x00\x00\x00\x00h\rG?\xf0\x00\x00\x00\x00\x00\x00uK\x03}\x94(h\nG@5\x93s\x8c\x96ySh\x0bG@5\x04HJ\xd3\xc0\xefh\x0cG@\x92\x84\x00\x00\x00\x00\x00h\rG?\xf0\x00\x00\x00\x00\x00\x00uK\x04}\x94(h\nG@5WgT\xd2\x92\xddh\x0bG@6e\x87\x01\x99]%h\x0cG@\x9bD\x00\x00\x00\x00\x00h\rG?\xf0\x00\x00\x00\x00\x00\x00uK\x05}\x94(h\nG@6\xc3\x05G\x84\xc4hh\x0bG@4,\xe1\xc2\xc9\x1cnh\x0cG@\x9dt\x00\x00\x00\x00\x00h\rG?\xf0\x00\x00\x00\x00\x00\x00uK\x06}\x94(h\nG@3\xc7\xf5\xd7\x1d\xae\xfeh\x0bG@4\xbd\x16H\xe4.\xc0h\x0cG@\x9d\xc4\x00\x00\x00\x00\x00h\rG?\xf0\x00\x00\x00\x00\x00\x00uK\x07}\x94(h\nG@6\xc3\x05G\x84\xc4hh\x0bG@4,\xe1\xc2\xc9\x1cnh\x0cG@\x9e\x14\x00\x00\x00\x00\x00h\rG?\xf0\x00\x00\x00\x00\x00\x00uu\x8c\x04_adj\x94}\x94(K\x00}\x94K\x01}\x94(\x8c\x0ctimeFromLast\x94G@\xc1\x94\x00\x00\x00\x00\x00\x8c\x0cdistFromLast\x94G@x\x0e7\x9e\xd2\x9f\xe8usK\x01}\x94K\x02}\x94(h\x19G@\xddL\x00\x00\x00\x00\x00h\x1aG@fpV\xe0\x02\xbc\xabusK\x02}\x94K\x03}\x94(h\x19G@\xc3\x88\x00\x00\x00\x00\x00h\x1aG@d&W\x1a\x13CgusK\x03}\x94K\x04}\x94(h\x19G@\xdbX\x00\x00\x00\x00\x00h\x1aG@^So\xf3\xc4\xb4WusK\x04}\x94K\x05}\x94(h\x19G@\xbbX\x00\x00\x00\x00\x00h\x1aG@n\xb9\xa9\xd598\x18usK\x05}\x94K\x06}\x94(h\x19G@\x8f@\x00\x00\x00\x00\x00h\x1aG@p\xd3\xb0\xb4Zi\x17usK\x06}\x94K\x07}\x94(h\x19G@\x8f@\x00\x00\x00\x00\x00h\x1aG@p\x1d>}\x93|^usK\x07}\x94u\x8c\x05_succ\x94h\x16\x8c\x05_pred\x94}\x94(K\x00}\x94K\x01}\x94K\x00h\x18sK\x02}\x94K\x01h\x1csK\x03}\x94K\x02h\x1esK\x04}\x94K\x03h sK\x05}\x94K\x04h""sK\x06}\x94K\x05h$sK\x07}\x94K\x06h&suub.'"
40,48628,22.9895560329104,19.17766832043477,385,1,9000.0,384.8885791995549,3.0,-1.0,22.9895560329104,19.17766832043477,
41,48628,20.92061766414458,19.276034290508505,985,1,30000.0,179.51060486349647,4.0,-1.0,20.92061766414458,19.276034290508505,
42,48628,21.575981890427396,21.01672809285895,1185,1,10000.0,161.1981325508343,5.0,-1.0,21.575981890427396,21.01672809285895,
43,48628,21.341420461091605,22.396591281835885,1745,1,28000.0,121.30370802125377,6.0,-1.0,21.341420461091605,22.396591281835885,
44,48628,22.761799306787367,20.175319837664965,1885,1,7000.0,245.8019815557061,1.0,0.0,22.787620388879063,19.956837623560578,
45,48628,19.781094975230182,20.738621288021704,1905,1,1000.0,269.23064074818234,7.0,-1.0,19.781094975230182,20.738621288021704,
46,48628,22.761799306787367,20.175319837664965,1925,1,1000.0,257.827756477467,1.0,0.0,22.735978224695675,20.393802051769352,
47,43877,20.795149264535016,20.471365409888485,385,1,,,2.0,-1.0,20.795149264535016,20.471365409888485,"b""\x80\x04\x95\xb0\x03\x00\x00\x00\x00\x00\x00\x8c\x18networkx.classes.digraph\x94\x8c\x07DiGraph\x94\x93\x94)\x81\x94}\x94(\x8c\x05graph\x94}\x94\x8c\x05_node\x94}\x94(K\x00}\x94(\x8c\x01x\x94G@4\xcb\x8e\xe6\xf6\x9d\xc9\x8c\x01y\x94G@4x\xabgK\xef\xca\x8c\x05frame\x94G@x\x10\x00\x00\x00\x00\x00\x8c\nframeRelat\x94G?\xf0\x00\x00\x00\x00\x00\x00uK\x01}\x94(h\nG@3\xee}@\xaf\xc13h\x0bG@3\x97\x8c\x90>\xcfDh\x0cG@{\xd0\x00\x00\x00\x00\x00h\rG?\xf0\x00\x00\x00\x00\x00\x00uK\x02}\x94(h\nG@3\n\x92';N3h\x0bG@5\x9c\xeb\x05\xc4\xe8\xfeh\x0cG@\x89\xc8\x00\x00\x00\x00\x00h\rG?\xf0\x00\x00\x00\x00\x00\x00uK\x03}\x94(h\nG@4\x13\t\xb2J7\xb9h\x0bG@4\xbe\xf5\x9a\xa5\xc7/h\x0cG@\x90\xa4\x00\x00\x00\x00\x00h\rG?\xf0\x00\x00\x00\x00\x00\x00uK\x04}\x94(h\nG@6\xfa<\x8bJL\xe6h\x0bG@5\x10\x1ax7\xb3Zh\x0cG@\x974\x00\x00\x00\x00\x00h\rG?\xf0\x00\x00\x00\x00\x00\x00uK\x05}\x94(h\nG@4\xe9\xec4;\xafGh\x0bG@73)W@\x9a\xe2h\x0cG@\xa2*\x00\x00\x00\x00\x00h\rG?\xf0\x00\x00\x00\x00\x00\x00uK\x06}\x94(h\nG@7Df\xe2M\x96Ah\x0bG@6\x16|\x9f1I\x1bh\x0cG@\xa3\x1a\x00\x00\x00\x00\x00h\rG?\xf0\x00\x00\x00\x00\x00\x00uK\x07}\x94(h\nG@8\x0f\xcd\xe8\x89vDh\x0bG@4\x90>\xed@\xe0\xc2h\x0cG@\xa3\x92\x00\x00\x00\x00\x00h\rG?\xf0\x00\x00\x00\x00\x00\x00uK\x08}\x94(h\nG@7Df\xe2M\x96Ah\x0bG@6\x16|\x9f1I\x1bh\x0cG@\xa3\xba\x00\x00\x00\x00\x00h\rG?\xf0\x00\x00\x00\x00\x00\x00uu\x8c\x04_adj\x94}\x94(K\x00}\x94K\x01}\x94(\x8c\x0ctimeFromLast\x94G@\xa7p\x00\x00\x00\x00\x00\x8c\x0cdistFromLast\x94G@Z\xb41\xe4)\xea!usK\x01}\x94K\x02}\x94(h\x1aG@\xd2\x8e\x00\x00\x00\x00\x00h\x1bG@g\xec\x98\xcb\xee\xd8#usK\x02}\x94K\x03}\x94(h\x1aG@\xc7p\x00\x00\x00\x00\x00h\x1bG@]8\xc2\xa8\xdb\x88\xa1usK\x03}\x94K\x04}\x94(h\x1aG@\xd4\x82\x00\x00\x00\x00\x00h\x1bG@o\xa3+\x0e\xa2\x82\xb4usK\x04}\x94K\x05}\x94(h\x1aG@\xe4\x82\x00\x00\x00\x00\x00h\x1bG@p\x17y\xc1cG6usK\x05}\x94K\x06}\x94(h\x1aG@\xb7p\x00\x00\x00\x00\x00h\x1bG@k(\x91\x89\xee\x06\x03usK\x06}\x94K\x07}\x94(h\x1aG@\xa7p\x00\x00\x00\x00\x00h\x1bG@c\x80\n\xc6\xfe?\x9eusK\x07}\x94K\x08}\x94(h\x1aG@\x8f@\x00\x00\x00\x00\x00h\x1bG@a\xc3X+\xd0Y\xc1usK\x08}\x94u\x8c\x05_succ\x94h\x17\x8c\x05_pred\x94}\x94(K\x00}\x94K\x01}\x94K\x00h\x19sK\x02}\x94K\x01h\x1dsK\x03}\x94K\x02h\x1fsK\x04}\x94K\x03h!sK\x05}\x94K\x04h#sK\x06}\x94K\x05h%sK\x07}\x94K\x06h'sK\x08}\x94K\x07h)suub."""
48,43877,19.931598704251154,19.591988578161605,445,1,3000.0,106.81554512112827,3.0,-1.0,19.931598704251154,19.591988578161605,
49,43877,19.0412926215924,21.612961159299623,825,1,19000.0,191.39365193032526,4.0,-1.0,19.0412926215924,21.612961159299623,
50,43877,20.07436670600848,20.74593512103382,1065,1,12000.0,116.88688107909049,5.0,-1.0,20.07436670600848,20.74593512103382,
51,43877,22.97748632968878,21.062903894041803,1485,1,21000.0,253.09900600185722,6.0,-1.0,22.97748632968878,21.062903894041803,
52,43877,20.9137604375567,23.199849560997684,2325,1,42000.0,257.46722544460806,7.0,-1.0,20.9137604375567,23.199849560997684,
53,43877,23.26719488519871,22.08783907845746,2445,1,6000.0,217.26776596535646,1.0,0.0,23.18303206903933,22.134425542767456,
54,43877,24.06173566204076,20.563460186328264,2505,1,3000.0,156.00131559045707,8.0,-1.0,24.06173566204076,20.563460186328264,
55,43877,23.26719488519871,22.08783907845746,2525,1,1000.0,142.10451307958104,1.0,0.0,23.351357701358086,22.041252614147464,
56,226261,20.30321155347159,21.284113463865914,505,1,,,1.0,0.0,20.63722784651282,21.36934029778552,"b'\x80\x04\x95\x0c\x04\x00\x00\x00\x00\x00\x00\x8c\x18networkx.classes.digraph\x94\x8c\x07DiGraph\x94\x93\x94)\x81\x94}\x94(\x8c\x05graph\x94}\x94\x8c\x05_node\x94}\x94(K\x00}\x94(\x8c\x01x\x94G@4M\x9fE\xb9\xee\n\x8c\x01y\x94G@5H\xbb\xa8\xf3\xa8J\x8c\x05frame\x94G@\x7f\x90\x00\x00\x00\x00\x00\x8c\nframeRelat\x94G?\xf0\x00\x00\x00\x00\x00\x00uK\x01}\x94(h\nG@4M\x9fE\xb9\xee\nh\x0bG@5H\xbb\xa8\xf3\xa8Jh\x0cG@\x86\xa8\x00\x00\x00\x00\x00h\rG?\xf0\x00\x00\x00\x00\x00\x00uK\x02}\x94(h\nG@4M\x9fE\xb9\xee\nh\x0bG@5H\xbb\xa8\xf3\xa8Jh\x0cG@\x89(\x00\x00\x00\x00\x00h\rG?\xf0\x00\x00\x00\x00\x00\x00uK\x03}\x94(h\nG@4X\xcaH:J\x8dh\x0bG@6\x11N\xe6f\xc1\xb4h\x0cG@\x8ah\x00\x00\x00\x00\x00h\rG?\xf0\x00\x00\x00\x00\x00\x00uK\x04}\x94(h\nG@4X\xcaH:J\x8dh\x0bG@6\x11N\xe6f\xc1\xb4h\x0cG@\x8c\xe8\x00\x00\x00\x00\x00h\rG?\xf0\x00\x00\x00\x00\x00\x00uK\x05}\x94(h\nG@4M\x9fE\xb9\xee\nh\x0bG@5H\xbb\xa8\xf3\xa8Jh\x0cG@\x8e(\x00\x00\x00\x00\x00h\rG?\xf0\x00\x00\x00\x00\x00\x00uK\x06}\x94(h\nG@4M\x9fE\xb9\xee\nh\x0bG@5H\xbb\xa8\xf3\xa8Jh\x0cG@\x90\xa4\x00\x00\x00\x00\x00h\rG?\xf0\x00\x00\x00\x00\x00\x00uK\x07}\x94(h\nG@3y4\xdeT\xb9,h\x0bG@4\xfaO]\xf1~\xech\x0cG@\x96\xe4\x00\x00\x00\x00\x00h\rG?\xf0\x00\x00\x00\x00\x00\x00uK\x08}\x94(h\nG@6\xa5\x8al\xbb*3h\x0bG@6\x14|B\x902\x8eh\x0cG@\x9ed\x00\x00\x00\x00\x00h\rG?\xf0\x00\x00\x00\x00\x00\x00uK\t}\x94(h\nG@4X\xcaH:J\x8dh\x0bG@6\x11N\xe6f\xc1\xb4h\x0cG@\xa1b\x00\x00\x00\x00\x00h\rG?\xf0\x00\x00\x00\x00\x00\x00uu\x8c\x04_adj\x94}\x94(K\x00}\x94K\x01}\x94(\x8c\x0ctimeFromLast\x94G@\xc5|\x00\x00\x00\x00\x00\x8c\x0cdistFromLast\x94G@B0\x14)R\'\x1eusK\x01}\x94K\x02}\x94(h\x1bG@\xaf@\x00\x00\x00\x00\x00h\x1cG@5\xdc\xc9\xbfA9\xdfusK\x02}\x94K\x03}\x94(h\x1bG@\x9f@\x00\x00\x00\x00\x00h\x1cG@X_\xc7X\xb6J\xecusK\x03}\x94K\x04}\x94(h\x1bG@\xaf@\x00\x00\x00\x00\x00h\x1cG@A\x94\xac\x9fA8\xe8usK\x04}\x94K\x05}\x94(h\x1bG@\x9f@\x00\x00\x00\x00\x00h\x1cG@P\xa7J\xb1\xfd\xa89usK\x05}\x94K\x06}\x94(h\x1bG@\xb3\x88\x00\x00\x00\x00\x00h\x1cG@J\xfc\xc4\xad41\xceusK\x06}\x94K\x07}\x94(h\x1bG@\xd3\x88\x00\x00\x00\x00\x00h\x1cG@O\\\xf3\x03\x9e\xa9\xe7usK\x07}\x94K\x08}\x94(h\x1bG@\xd7p\x00\x00\x00\x00\x00h\x1cG@r2\r\x10\xf6\xc4\xb0usK\x08}\x94K\t}\x94(h\x1bG@\xcbX\x00\x00\x00\x00\x00h\x1cG@e\xddgA\x90\xc4vusK\t}\x94u\x8c\x05_succ\x94h\x18\x8c\x05_pred\x94}\x94(K\x00}\x94K\x01}\x94K\x00h\x1asK\x02}\x94K\x01h\x1esK\x03}\x94K\x02h sK\x04}\x94K\x03h""sK\x05}\x94K\x04h$sK\x06}\x94K\x05h&sK\x07}\x94K\x06h(sK\x08}\x94K\x07h*sK\t}\x94K\x08h,suub.'"
57,226261,20.30321155347159,21.284113463865914,725,1,11000.0,36.37561527739875,1.0,0.0,20.23336919796967,21.255052103221736,
58,226261,20.30321155347159,21.284113463865914,805,1,4000.0,21.86245341627534,1.0,0.0,20.1818661032439,21.008106715216837,
59,226261,20.34683658049703,22.06761016854007,845,1,2000.0,97.49654214670198,2.0,1.0,20.00878345363529,22.1196716720758,
60,226261,20.34683658049703,22.06761016854007,925,1,4000.0,35.161518008086034,2.0,1.0,20.40325962407028,22.02486194177299,
61,226261,20.30321155347159,21.284113463865914,965,1,2000.0,66.6139340378876,1.0,0.0,20.51492064427524,21.26439391055805,
62,226261,20.30321155347159,21.284113463865914,1065,1,5000.0,53.97475209282457,1.0,0.0,19.948673975356343,21.523674292547405,
63,226261,19.473462958988577,20.97777354379552,1465,1,20000.0,62.72616620299578,3.0,-1.0,19.473462958988577,20.97777354379552,
64,226261,22.64664344376997,22.080021057323897,1945,1,24000.0,291.12819000619766,4.0,-1.0,22.64664344376997,22.080021057323897,
65,226261,20.34683658049703,22.06761016854007,2225,1,14000.0,174.91885450625313,2.0,1.0,20.62846666378552,22.058296891771416,
66,168668,20.270723955783566,20.994254457791108,525,1,,,1.0,0.0,20.20856064967909,20.90562487710424,"b""\x80\x04\x95\xb0\x03\x00\x00\x00\x00\x00\x00\x8c\x18networkx.classes.digraph\x94\x8c\x07DiGraph\x94\x93\x94)\x81\x94}\x94(\x8c\x05graph\x94}\x94\x8c\x05_node\x94}\x94(K\x00}\x94(\x8c\x01x\x94G@4EN*HU\x8c\x8c\x01y\x94G@4\xfe\x87u\xcc\x1dr\x8c\x05frame\x94G@\x80h\x00\x00\x00\x00\x00\x8c\nframeRelat\x94G?\xf0\x00\x00\x00\x00\x00\x00uK\x01}\x94(h\nG@5\xb0 \x19xE\xf5h\x0bG@4z\x8d\x15\x0c2bh\x0cG@\x82H\x00\x00\x00\x00\x00h\rG?\xf0\x00\x00\x00\x00\x00\x00uK\x02}\x94(h\nG@4\x84\xa5\x1e\x1a\xb0\xe7h\x0bG@3\xfb@\x87\xd5\xdd\x85h\x0cG@\x92\x84\x00\x00\x00\x00\x00h\rG?\xf0\x00\x00\x00\x00\x00\x00uK\x03}\x94(h\nG@5\xb0 \x19xE\xf5h\x0bG@4z\x8d\x15\x0c2bh\x0cG@\x99\x14\x00\x00\x00\x00\x00h\rG?\xf0\x00\x00\x00\x00\x00\x00uK\x04}\x94(h\nG@5\xb0 \x19xE\xf5h\x0bG@4z\x8d\x15\x0c2bh\x0cG@\x9bD\x00\x00\x00\x00\x00h\rG?\xf0\x00\x00\x00\x00\x00\x00uK\x05}\x94(h\nG@5\xb0 \x19xE\xf5h\x0bG@4z\x8d\x15\x0c2bh\x0cG@\x9c4\x00\x00\x00\x00\x00h\rG?\xf0\x00\x00\x00\x00\x00\x00uK\x06}\x94(h\nG@5\xb0 \x19xE\xf5h\x0bG@4z\x8d\x15\x0c2bh\x0cG@\xa2\x02\x00\x00\x00\x00\x00h\rG?\xf0\x00\x00\x00\x00\x00\x00uK\x07}\x94(h\nG@4EN*HU\x8ch\x0bG@4\xfe\x87u\xcc\x1drh\x0cG@\xa2\xa2\x00\x00\x00\x00\x00h\rG?\xf0\x00\x00\x00\x00\x00\x00uK\x08}\x94(h\nG@4\x84\xa5\x1e\x1a\xb0\xe7h\x0bG@3\xfb@\x87\xd5\xdd\x85h\x0cG@\xa6b\x00\x00\x00\x00\x00h\rG?\xf0\x00\x00\x00\x00\x00\x00uu\x8c\x04_adj\x94}\x94(K\x00}\x94K\x01}\x94(\x8c\x0ctimeFromLast\x94G@\xa7p\x00\x00\x00\x00\x00\x8c\x0cdistFromLast\x94G@N\x9e\xcc\xac\xc5*\x0busK\x01}\x94K\x02}\x94(h\x1aG@\xddL\x00\x00\x00\x00\x00h\x1bG@X\xf5\xd9\x00\xe0\xd4;usK\x02}\x94K\x03}\x94(h\x1aG@\xd4\x82\x00\x00\x00\x00\x00h\x1bG@d\x1f\xd5t\xa9\x05:usK\x03}\x94K\x04}\x94(h\x1aG@\xbbX\x00\x00\x00\x00\x00h\x1bG@U\xb6,\xd50\xfa\x97usK\x04}\x94K\x05}\x94(h\x1aG@\xa7p\x00\x00\x00\x00\x00h\x1bG@H\xca\xaf\xf7\x05\x85\x0cusK\x05}\x94K\x06}\x94(h\x1aG@\xd8j\x00\x00\x00\x00\x00h\x1bG@4l\xaa\xa6\xe0f\xaausK\x06}\x94K\x07}\x94(h\x1aG@\xaf@\x00\x00\x00\x00\x00h\x1bG@d9\x9f\xf4<]=usK\x07}\x94K\x08}\x94(h\x1aG@\xd7p\x00\x00\x00\x00\x00h\x1bG@Sp\xda\xb63\x96zusK\x08}\x94u\x8c\x05_succ\x94h\x17\x8c\x05_pred\x94}\x94(K\x00}\x94K\x01}\x94K\x00h\x19sK\x02}\x94K\x01h\x1dsK\x03}\x94K\x02h\x1fsK\x04}\x94K\x03h!sK\x05}\x94K\x04h#sK\x06}\x94K\x05h%sK\x07}\x94K\x06h'sK\x08}\x94K\x07h)suub."""
67,168668,21.687989799369422,20.478715243795143,585,1,3000.0,61.24062118174705,2.0,1.0,20.89951326862196,20.757639994701982,
68,168668,20.518144494549144,19.981453408921443,1185,1,30000.0,99.8413698382946,3.0,2.0,20.394235700676948,19.722345845520724,
69,168668,21.687989799369422,20.478715243795143,1605,1,21000.0,160.9948066044979,2.0,1.0,22.220421253376767,20.062701169202747,
70,168668,21.687989799369422,20.478715243795143,1745,1,7000.0,86.84648637564747,2.0,1.0,21.329736901943757,20.521868463607685,
71,168668,21.687989799369422,20.478715243795143,1805,1,3000.0,49.58349502343671,2.0,1.0,21.897569830199988,20.591751665179306,
72,168668,21.687989799369422,20.478715243795143,2305,1,25000.0,20.424478940759094,2.0,1.0,22.09270774270464,20.459614926283997,
73,168668,20.270723955783566,20.994254457791108,2385,1,4000.0,161.8007756403912,1.0,0.0,20.33288726188804,21.08288403847797,
74,168668,20.518144494549144,19.981453408921443,2865,1,24000.0,77.76334910428878,3.0,2.0,20.64205328842134,20.24056097232216,
75,95184,22.10981579848095,18.408960208472248,1045,1,,,2.0,-1.0,22.10981579848095,18.408960208472248,"b'\x80\x04\x95@\x02\x00\x00\x00\x00\x00\x00\x8c\x18networkx.classes.digraph\x94\x8c\x07DiGraph\x94\x93\x94)\x81\x94}\x94(\x8c\x05graph\x94}\x94\x8c\x05_node\x94}\x94(K\x00}\x94(\x8c\x01x\x94G@6\x1c\x1c\xe3_\x0fO\x8c\x01y\x94G@2h\xb1\x9d\xc0\xc0\xef\x8c\x05frame\x94G@\x90T\x00\x00\x00\x00\x00\x8c\nframeRelat\x94G?\xf0\x00\x00\x00\x00\x00\x00uK\x01}\x94(h\nG@7\xe0\x16\x9e\xc4u@h\x0bG@6\x04\xb6\x92\xa3\x85\xbdh\x0cG@\x95T\x00\x00\x00\x00\x00h\rG?\xf0\x00\x00\x00\x00\x00\x00uK\x02}\x94(h\nG@7\xe0\x16\x9e\xc4u@h\x0bG@6\x04\xb6\x92\xa3\x85\xbdh\x0cG@\x9aT\x00\x00\x00\x00\x00h\rG?\xf0\x00\x00\x00\x00\x00\x00uK\x03}\x94(h\nG@7\xe0\x16\x9e\xc4u@h\x0bG@6\x04\xb6\x92\xa3\x85\xbdh\x0cG@\x9a\xa4\x00\x00\x00\x00\x00h\rG?\xf0\x00\x00\x00\x00\x00\x00uK\x04}\x94(h\nG@6\n\x01\xbeNq\xfeh\x0bG@33\xdf\xcb\xb9\x8c\xaah\x0cG@\xa0\xc2\x00\x00\x00\x00\x00h\rG?\xf0\x00\x00\x00\x00\x00\x00uu\x8c\x04_adj\x94}\x94(K\x00}\x94K\x01}\x94(\x8c\x0ctimeFromLast\x94G@\xcf@\x00\x00\x00\x00\x00\x8c\x0cdistFromLast\x94G@ul)o\x17\xcbCusK\x01}\x94K\x02}\x94(h\x16G@\xcf@\x00\x00\x00\x00\x00h\x17G@9\xd2\x90\xb7\xc01TusK\x02}\x94K\x03}\x94(h\x16G@\x8f@\x00\x00\x00\x00\x00h\x17G@\x1d\x86~\x91\xbc\x89\xd8usK\x03}\x94K\x04}\x94(h\x16G@\xd5|\x00\x00\x00\x00\x00h\x17G@rM\x9d\xe9""\xe4\xdausK\x04}\x94u\x8c\x05_succ\x94h\x13\x8c\x05_pred\x94}\x94(K\x00}\x94K\x01}\x94K\x00h\x15sK\x02}\x94K\x01h\x19sK\x03}\x94K\x02h\x1bsK\x04}\x94K\x03h\x1dsuub.'"
76,95184,23.875345156634694,22.01841083996054,1365,1,16000.0,342.76011571211365,1.0,0.0,23.70520164175793,22.02782178144544,
77,95184,23.875345156634694,22.01841083996054,1685,1,16000.0,25.82252071802334,1.0,0.0,24.00292753875703,22.01621519340925,
78,95184,23.875345156634694,22.01841083996054,1705,1,1000.0,7.381342198498224,1.0,0.0,23.917906289389126,22.011195545026943,
79,95184,22.039089101936035,19.20263360290543,2145,1,22000.0,292.8510524142308,3.0,-1.0,22.039089101936035,19.20263360290543,
80,76647,20.84174093058681,21.38789478325257,565,1,,,1.0,-1.0,20.84174093058681,21.38789478325257,"b""\x80\x04\x95@\x02\x00\x00\x00\x00\x00\x00\x8c\x18networkx.classes.digraph\x94\x8c\x07DiGraph\x94\x93\x94)\x81\x94}\x94(\x8c\x05graph\x94}\x94\x8c\x05_node\x94}\x94(K\x00}\x94(\x8c\x01x\x94G@4\xd7|Uh\x930\x8c\x01y\x94G@5cM\x12\x90[\xda\x8c\x05frame\x94G@\x81\xa8\x00\x00\x00\x00\x00\x8c\nframeRelat\x94G?\xf0\x00\x00\x00\x00\x00\x00uK\x01}\x94(h\nG@4\xcd\xa8\xb2Pjuh\x0bG@2\xc3,\xb1\xbdu\xb2h\x0cG@\x8e\xc8\x00\x00\x00\x00\x00h\rG?\xf0\x00\x00\x00\x00\x00\x00uK\x02}\x94(h\nG@6'\x97yL3Rh\x0bG@1\xd1\x19\xac}\xf59h\x0cG@\x8fh\x00\x00\x00\x00\x00h\rG?\xf0\x00\x00\x00\x00\x00\x00uK\x03}\x94(h\nG@5\xdc\xcd(Q)\xa7h\x0bG@6Y\xe8\r*'\x91h\x0cG@\x9f\x04\x00\x00\x00\x00\x00h\rG?\xf0\x00\x00\x00\x00\x00\x00uK\x04}\x94(h\nG@4\x07\x06\xc9\xf5[\x0eh\x0bG@4F\xc1O\x85\xddEh\x0cG@\xa2\x02\x00\x00\x00\x00\x00h\rG?\xf0\x00\x00\x00\x00\x00\x00uu\x8c\x04_adj\x94}\x94(K\x00}\x94K\x01}\x94(\x8c\x0ctimeFromLast\x94G@\xd4\x82\x00\x00\x00\x00\x00\x8c\x0cdistFromLast\x94G@lr&\xb1;\x84|usK\x01}\x94K\x02}\x94(h\x16G@\x8f@\x00\x00\x00\x00\x00h\x17G@a\xde\x0c9\x07\xcb\xfbusK\x02}\x94K\x03}\x94(h\x16G@\xe7\xed\x00\x00\x00\x00\x00h\x17G@x\x9c\xbdXQz\xf1usK\x03}\x94K\x04}\x94(h\x16G@\xcf@\x00\x00\x00\x00\x00h\x17G@n\x01\xd2\xb5v\xa7\xbausK\x04}\x94u\x8c\x05_succ\x94h\x13\x8c\x05_pred\x94}\x94(K\x00}\x94K\x01}\x94K\x00h\x15sK\x02}\x94K\x01h\x19sK\x03}\x94K\x02h\x1bsK\x04}\x94K\x03h\x1dsuub."""
81,76647,20.803355354912544,18.76240073085291,985,1,21000.0,227.56722318291202,2.0,-1.0,20.803355354912544,18.76240073085291,
82,76647,22.15465505705226,17.816798001052323,1005,1,1000.0,142.9389920379907,3.0,-1.0,22.15465505705226,17.816798001052323,
83,76647,21.86250545484077,22.351197073737755,1985,1,49000.0,393.7962268050024,4.0,-1.0,21.86250545484077,22.351197073737755,
84,76647,20.027447340394296,20.27638718622372,2305,1,16000.0,240.05697129416313,5.0,-1.0,20.027447340394296,20.27638718622372,
85,115563,23.9907825208141,17.93647134120171,605,1,,,1.0,-1.0,23.9907825208141,17.93647134120171,"b'\x80\x04\x95\xf8\x02\x00\x00\x00\x00\x00\x00\x8c\x18networkx.classes.digraph\x94\x8c\x07DiGraph\x94\x93\x94)\x81\x94}\x94(\x8c\x05graph\x94}\x94\x8c\x05_node\x94}\x94(K\x00}\x94(\x8c\x01x\x94G@7\xfd\xa3\xec\\XR\x8c\x01y\x94G@1\xef\xbc\x95\xf8\x1aD\x8c\x05frame\x94G@\x82\xe8\x00\x00\x00\x00\x00\x8c\nframeRelat\x94G?\xf0\x00\x00\x00\x00\x00\x00uK\x01}\x94(h\nG@5\xfb\xc1\x0e2F\x8dh\x0bG@2E|\x1c\xdb\x80\xdeh\x0cG@\x83\x88\x00\x00\x00\x00\x00h\rG?\xf0\x00\x00\x00\x00\x00\x00uK\x02}\x94(h\nG@9e\xa2{f\xc0\xefh\x0bG@7tTjX\xc7\xf7h\x0cG@\x89\xc8\x00\x00\x00\x00\x00h\rG?\xf0\x00\x00\x00\x00\x00\x00uK\x03}\x94(h\nG@7V\x04\xe7,\xc7%h\x0bG@3\nI\xefbi\xb6h\x0cG@\x8e(\x00\x00\x00\x00\x00h\rG?\xf0\x00\x00\x00\x00\x00\x00uK\x04}\x94(h\nG@9\x0f\x19\x84\xfd\xef\x85h\x0bG@4\t|\x05\xbcvmh\x0cG@\x90T\x00\x00\x00\x00\x00h\rG?\xf0\x00\x00\x00\x00\x00\x00uK\x05}\x94(h\nG@8J\xe7?}\xf8\xeeh\x0bG@2\xee#P\xa0\x82\x9bh\x0cG@\x95\xa4\x00\x00\x00\x00\x00h\rG?\xf0\x00\x00\x00\x00\x00\x00uK\x06}\x94(h\nG@8\xc9\xf8\xa3\x85\xd3\x95h\x0bG@7H\x989?\xa3\xech\x0cG@\x98\xc4\x00\x00\x00\x00\x00h\rG?\xf0\x00\x00\x00\x00\x00\x00uu\x8c\x04_adj\x94}\x94(K\x00}\x94K\x01}\x94(\x8c\x0ctimeFromLast\x94G@\x8f@\x00\x00\x00\x00\x00\x8c\x0cdistFromLast\x94G@f\x0c\x12\xab\x1f\xedyusK\x01}\x94K\x02}\x94(h\x18G@\xc3\x88\x00\x00\x00\x00\x00h\x19G@\x80\xce\xear\xf6\xed@usK\x02}\x94K\x03}\x94(h\x18G@\xbbX\x00\x00\x00\x00\x00h\x19G@zc_\x15p|\xa4usK\x03}\x94K\x04}\x94(h\x18G@\xaf@\x00\x00\x00\x00\x00h\x19G@e\x90\x81\x92\x7f\x89\xa3usK\x04}\x94K\x05}\x94(h\x18G@\xd0\x9a\x00\x00\x00\x00\x00h\x19G@]+@GI\x7f\x9fusK\x05}\x94K\x06}\x94(h\x18G@\xc3\x88\x00\x00\x00\x00\x00h\x19G@w\xbb\xc1\x1a\xc3{\xeeusK\x06}\x94u\x8c\x05_succ\x94h\x15\x8c\x05_pred\x94}\x94(K\x00}\x94K\x01}\x94K\x00h\x17sK\x02}\x94K\x01h\x1bsK\x03}\x94K\x02h\x1dsK\x04}\x94K\x03h\x1fsK\x05}\x94K\x04h!sK\x06}\x94K\x05h#suub.'"
86,115563,21.983414542459787,18.27142505988092,625,1,1000.0,176.3772788642489,2.0,-1.0,21.983414542459787,18.27142505988092,
87,115563,25.39701052912363,23.45441307704456,825,1,10000.0,537.8644770899919,3.0,-1.0,25.39701052912363,23.45441307704456,
88,115563,23.336012314254862,19.04019066002521,965,1,7000.0,422.2107138055819,4.0,-1.0,23.336012314254862,19.04019066002521,
89,115563,25.058983146663667,20.037048681746843,1045,1,4000.0,172.51581692609497,5.0,-1.0,25.058983146663667,20.037048681746843,
90,115563,24.29259106469629,18.930226363360457,1385,1,17000.0,116.67579824616995,6.0,-1.0,24.29259106469629,18.930226363360457,
91,115563,24.788950176403507,23.28357274821967,1585,1,10000.0,379.73464466439225,7.0,-1.0,24.788950176403507,23.28357274821967,
92,225121,20.29769827765565,24.05864213469601,525,1,,,1.0,-1.0,20.29769827765565,24.05864213469601,"b'\x80\x04\x95@\x02\x00\x00\x00\x00\x00\x00\x8c\x18networkx.classes.digraph\x94\x8c\x07DiGraph\x94\x93\x94)\x81\x94}\x94(\x8c\x05graph\x94}\x94\x8c\x05_node\x94}\x94(K\x00}\x94(\x8c\x01x\x94G@4L5\xf4N\x9bF\x8c\x01y\x94G@8\x0f\x03+\xc2\xaf\xdf\x8c\x05frame\x94G@\x80h\x00\x00\x00\x00\x00\x8c\nframeRelat\x94G?\xf0\x00\x00\x00\x00\x00\x00uK\x01}\x94(h\nG@50TM\xe1\xe8rh\x0bG@7\x08\xa6\xc1\x84qDh\x0cG@\x86\x08\x00\x00\x00\x00\x00h\rG?\xf0\x00\x00\x00\x00\x00\x00uK\x02}\x94(h\nG@2~\xf0\x02\x96\xdd\xffh\x0bG@6\x836\xd7q,/h\x0cG@\x8cH\x00\x00\x00\x00\x00h\rG?\xf0\x00\x00\x00\x00\x00\x00uK\x03}\x94(h\nG@6\xa4.\xc5\x91\xbc\xb4h\x0bG@6\xa3\xee\xbbE\xd5\xe3h\x0cG@\x91\xe4\x00\x00\x00\x00\x00h\rG?\xf0\x00\x00\x00\x00\x00\x00uK\x04}\x94(h\nG@7!S\x8a\xf7|\x94h\x0bG@3\xa4\xad1\xab\x0e\xffh\x0cG@\xa6b\x00\x00\x00\x00\x00h\rG?\xf0\x00\x00\x00\x00\x00\x00uu\x8c\x04_adj\x94}\x94(K\x00}\x94K\x01}\x94(\x8c\x0ctimeFromLast\x94G@\xc1\x94\x00\x00\x00\x00\x00\x8c\x0cdistFromLast\x94G@]l\xc1\xea\xff\x98\x96usK\x01}\x94K\x02}\x94(h\x16G@\xc3\x88\x00\x00\x00\x00\x00h\x17G@m\xb7\x070K\xa4\xb9usK\x02}\x94K\x03}\x94(h\x16G@\xc7p\x00\x00\x00\x00\x00h\x17G@vw%\x10\x86\xc4\xefusK\x03}\x94K\x04}\x94(h\x16G@\xf4\xff\x00\x00\x00\x00\x00h\x17G@pr\xe3\xe6\x84\x1c\xfeusK\x04}\x94u\x8c\x05_succ\x94h\x13\x8c\x05_pred\x94}\x94(K\x00}\x94K\x01}\x94K\x00h\x15sK\x02}\x94K\x01h\x19sK\x03}\x94K\x02h\x1bsK\x04}\x94K\x03h\x1dsuub.'"
93,225121,21.1887863804372,23.033794493517476,705,1,9000.0,117.69933581314612,2.0,-1.0,21.1887863804372,23.033794493517476,
94,225121,18.49584976371079,22.51255556595805,905,1,10000.0,237.719627521268,3.0,-1.0,18.49584976371079,22.51255556595805,
95,225121,22.641338680343964,22.64036150412529,1145,1,12000.0,359.4465489639687,4.0,-1.0,22.641338680343964,22.64036150412529,
96,225121,23.13018101255564,19.643267730963085,2865,1,86000.0,263.180639759128,5.0,-1.0,23.13018101255564,19.643267730963085,
97,117554,18.974912204107,20.149077880826407,465,1,,,2.0,-1.0,18.974912204107,20.149077880826407,"b'\x80\x04\x95\xc4\x04\x00\x00\x00\x00\x00\x00\x8c\x18networkx.classes.digraph\x94\x8c\x07DiGraph\x94\x93\x94)\x81\x94}\x94(\x8c\x05graph\x94}\x94\x8c\x05_node\x94}\x94(K\x00}\x94(\x8c\x01x\x94G@2\xf9\x93\xd8\xa1\x1c`\x8c\x01y\x94G@4&)\xf7\xce\xb4\xd7\x8c\x05frame\x94G@}\x10\x00\x00\x00\x00\x00\x8c\nframeRelat\x94G?\xf0\x00\x00\x00\x00\x00\x00uK\x01}\x94(h\nG@2\x0b\xa7W\x97\x8d\x12h\x0bG@55\x84\xdf\xb8r\xd8h\x0cG@\x8ah\x00\x00\x00\x00\x00h\rG?\xf0\x00\x00\x00\x00\x00\x00uK\x02}\x94(h\nG@2\x0b\xa7W\x97\x8d\x12h\x0bG@55\x84\xdf\xb8r\xd8h\x0cG@\x8b\x08\x00\x00\x00\x00\x00h\rG?\xf0\x00\x00\x00\x00\x00\x00uK\x03}\x94(h\nG@2\xcd\x8b\xa8\x82\xc2\xcbh\x0bG@5\xb9w^w\xa8-h\x0cG@\x8cH\x00\x00\x00\x00\x00h\rG?\xf0\x00\x00\x00\x00\x00\x00uK\x04}\x94(h\nG@2n\x0f\x8eT\x8fdh\x0bG@6\x9a\xb4\x9b\xc6|7h\x0cG@\x95\xf4\x00\x00\x00\x00\x00h\rG?\xf0\x00\x00\x00\x00\x00\x00uK\x05}\x94(h\nG@3z\xc8i\x9d\x88rh\x0bG@73\xae\xd8(\x7f\xach\x0cG@\x96\x94\x00\x00\x00\x00\x00h\rG?\xf0\x00\x00\x00\x00\x00\x00uK\x06}\x94(h\nG@7u\x8eyW\xf6Vh\x0bG@3\xf8\x86\x9c\x12\x12>h\x0cG@\x98$\x00\x00\x00\x00\x00h\rG?\xf0\x00\x00\x00\x00\x00\x00uK\x07}\x94(h\nG@7\xa7\xd7\xb5\x9fIhh\x0bG@3P\xceO\xc5\'\xa6h\x0cG@\x9aT\x00\x00\x00\x00\x00h\rG?\xf0\x00\x00\x00\x00\x00\x00uK\x08}\x94(h\nG@5t<P\x88xhh\x0bG@69\xb6w\x1e\x0e\xceh\x0cG@\x9c4\x00\x00\x00\x00\x00h\rG?\xf0\x00\x00\x00\x00\x00\x00uK\t}\x94(h\nG@1X\xd6J\xac\xeb}h\x0bG@6\x87\xdf#\xcd\xc4\xeeh\x0cG@\x9d\xc4\x00\x00\x00\x00\x00h\rG?\xf0\x00\x00\x00\x00\x00\x00uK\n}\x94(h\nG@3\xc1r\xa5\xf2\xce\xa6h\x0bG@6-h\xb18:hh\x0cG@\x9f\xa4\x00\x00\x00\x00\x00h\rG?\xf0\x00\x00\x00\x00\x00\x00uK\x0b}\x94(h\nG@3\xcf\xfe\x13Y\xbe\\h\x0bG@4\xf6\xbcPqP\xe3h\x0cG@\xa5r\x00\x00\x00\x00\x00h\rG?\xf0\x00\x00\x00\x00\x00\x00uu\x8c\x04_adj\x94}\x94(K\x00}\x94K\x01}\x94(\x8c\x0ctimeFromLast\x94G@\xd2\x8e\x00\x00\x00\x00\x00\x8c\x0cdistFromLast\x94G@_\x91|\xa4\x01\xf2EusK\x01}\x94K\x02}\x94(h\x1dG@\x8f@\x00\x00\x00\x00\x00h\x1eG@>\x00J-\xeeDpusK\x02}\x94K\x03}\x94(h\x1dG@\x9f@\x00\x00\x00\x00\x00h\x1eG@Wk\x03\xa4\x8bh{usK\x03}\x94K\x04}\x94(h\x1dG@\xd8j\x00\x00\x00\x00\x00h\x1eG@T\xb4\x97\xfd\x1d\x1d\xa9usK\x04}\x94K\x05}\x94(h\x1dG@\x9f@\x00\x00\x00\x00\x00h\x1eG@Z+\xa7\x08\x9a\\\xe5usK\x05}\x94K\x06}\x94(h\x1dG@\xb3\x88\x00\x00\x00\x00\x00h\x1eG@{\xc44\xe8\xcc\x80\xfbusK\x06}\x94K\x07}\x94(h\x1dG@\xbbX\x00\x00\x00\x00\x00h\x1eG@M\xa3\x80\x9e\xb6]\xddusK\x07}\x94K\x08}\x94(h\x1dG@\xb7p\x00\x00\x00\x00\x00h\x1eG@s\xc3\xb3\x0f\xe6KMusK\x08}\x94K\t}\x94(h\x1dG@\xb3\x88\x00\x00\x00\x00\x00h\x1eG@vN\xca\xb1-\n\x9eusK\t}\x94K\n}\x94(h\x1dG@\xb7p\x00\x00\x00\x00\x00h\x1eG@j_u]\x05\x85}usK\n}\x94K\x0b}\x94(h\x1dG@\xe1\x94\x00\x00\x00\x00\x00h\x1eG@ZR\xa1\x98\xd9\xe0|usK\x0b}\x94u\x8c\x05_succ\x94h\x1a\x8c\x05_pred\x94}\x94(K\x00}\x94K\x01}\x94K\x00h\x1csK\x02}\x94K\x01h sK\x03}\x94K\x02h""sK\x04}\x94K\x03h$sK\x05}\x94K\x04h&sK\x06}\x94K\x05h(sK\x07}\x94K\x06h*sK\x08}\x94K\x07h,sK\t}\x94K\x08h.sK\n}\x94K\th0sK\x0b}\x94K\nh2suub.'"
98,117554,18.045522188663263,21.209058744937323,845,1,19000.0,126.27323246183467,1.0,0.0,18.14790013971385,21.34861738446193,
99,117554,18.045522188663263,21.209058744937323,865,1,1000.0,30.001131888075577,1.0,0.0,17.943144237612678,21.06950010541271,
100,117554,18.802912265705157,21.724477676594848,905,1,2000.0,93.67209733594966,3.0,-1.0,18.802912265705157,21.724477676594848,
101,117554,18.429924865383683,22.60431836696463,1405,1,25000.0,82.82177665561052,4.0,-1.0,18.429924865383683,22.60431836696463,
102,117554,19.47962055297871,23.20188666332949,1445,1,2000.0,104.68206992220401,5.0,-1.0,19.47962055297871,23.20188666332949,
103,117554,23.4592052306892,19.970803980266503,1545,1,5000.0,444.26291732677754,6.0,-1.0,23.4592052306892,19.970803980266503,
104,117554,23.655635215175977,19.31564806521751,1685,1,7000.0,59.27736266998884,7.0,-1.0,23.655635215175977,19.31564806521751,
105,117554,21.45404532748981,22.225440449560487,1805,1,6000.0,316.2312163349023,8.0,-1.0,21.45404532748981,22.225440449560487,
106,117554,17.347019831864134,22.530748594032893,1905,1,5000.0,356.92448537439657,9.0,-1.0,17.347019831864134,22.530748594032893,
107,117554,19.755655643252474,22.17737872717626,2025,1,6000.0,210.9830765827027,10.0,-1.0,19.755655643252474,22.17737872717626,
108,117554,19.812470635805184,20.96381094709876,2745,1,36000.0,105.29111310269394,11.0,-1.0,19.812470635805184,20.96381094709876,
109,156170,21.26615365461747,19.631738922799837,845,1,,,2.0,-1.0,21.26615365461747,19.631738922799837,"b'\x80\x04\x95\x9c\x02\x00\x00\x00\x00\x00\x00\x8c\x18networkx.classes.digraph\x94\x8c\x07DiGraph\x94\x93\x94)\x81\x94}\x94(\x8c\x05graph\x94}\x94\x8c\x05_node\x94}\x94(K\x00}\x94(\x8c\x01x\x94G@5D""\xa5ZJ\xfc\x8c\x01y\x94G@3\xa1\xb9\xa4]\t\x1b\x8c\x05frame\x94G@\x8ah\x00\x00\x00\x00\x00\x8c\nframeRelat\x94G?\xf0\x00\x00\x00\x00\x00\x00uK\x01}\x94(h\nG@2\xcfs\xc33\x13\x81h\x0bG@6M\xe5\x0e\xb8\xd8>h\x0cG@\x8cH\x00\x00\x00\x00\x00h\rG?\xf0\x00\x00\x00\x00\x00\x00uK\x02}\x94(h\nG@4\xbaMu\x1c\xf4\xe2h\x0bG@6e\xda4Xk\xbfh\x0cG@\xa3\x1a\x00\x00\x00\x00\x00h\rG?\xf0\x00\x00\x00\x00\x00\x00uK\x03}\x94(h\nG@2\xe5|XV\x89Bh\x0bG@6\xef\x08\x1c,\x87Bh\x0cG@\xa3B\x00\x00\x00\x00\x00h\rG?\xf0\x00\x00\x00\x00\x00\x00uK\x04}\x94(h\nG@4\xbaMu\x1c\xf4\xe2h\x0bG@6e\xda4Xk\xbfh\x0cG@\xa5\xc2\x00\x00\x00\x00\x00h\rG?\xf0\x00\x00\x00\x00\x00\x00uK\x05}\x94(h\nG@6T4\x1dV \x8bh\x0bG@5\xb9\x1euD\xbe\x06h\x0cG@\xa6\x8a\x00\x00\x00\x00\x00h\rG?\xf0\x00\x00\x00\x00\x00\x00uu\x8c\x04_adj\x94}\x94(K\x00}\x94K\x01}\x94(\x8c\x0ctimeFromLast\x94G@\xa7p\x00\x00\x00\x00\x00\x8c\x0cdistFromLast\x94G@s\xa8\xed\xe2\x88h\xbfusK\x01}\x94K\x02}\x94(h\x17G@\xf2\xcc\x80\x00\x00\x00\x00h\x18G@c8\x9a\xad\xdeX\x98usK\x02}\x94K\x03}\x94(h\x17G@\x8f@\x00\x00\x00\x00\x00h\x18G@c\xb2\x9f\xb4\xe3\xbcAusK\x03}\x94K\x04}\x94(h\x17G@\xcf@\x00\x00\x00\x00\x00h\x18G@e\xd1\xea`\x0f\xc8\xfcusK\x04}\x94K\x05}\x94(h\x17G@\xb3\x88\x00\x00\x00\x00\x00h\x18G@b\x18\x07Q\n\x91\x17usK\x05}\x94u\x8c\x05_succ\x94h\x14\x8c\x05_pred\x94}\x94(K\x00}\x94K\x01}\x94K\x00h\x16sK\x02}\x94K\x01h\x1asK\x03}\x94K\x02h\x1csK\x04}\x94K\x03h\x1esK\x05}\x94K\x04h suub.'"
110,156170,18.81036014554002,22.30427639019785,905,1,3000.0,314.55807736668424,3.0,-1.0,18.81036014554002,22.30427639019785,
111,156170,20.72774440724323,22.397860786044244,2445,1,77000.0,153.7688817351052,1.0,0.0,20.58398057038943,22.25680341409751,
112,156170,18.89642860520076,22.93371749961012,2465,1,1000.0,157.58199543456615,4.0,-1.0,18.89642860520076,22.93371749961012,
113,156170,20.72774440724323,22.397860786044244,2785,1,16000.0,174.55986025889422,1.0,0.0,20.871508244097026,22.538918157990977,
114,156170,22.32892020561898,21.723121003420623,2885,1,5000.0,144.75089313567943,5.0,-1.0,22.32892020561898,21.723121003420623,
115,50488,22.236091149359417,24.15562891419735,325,1,,,1.0,0.0,22.12477489005201,23.898743484358747,"b""\x80\x04\x95@\x02\x00\x00\x00\x00\x00\x00\x8c\x18networkx.classes.digraph\x94\x8c\x07DiGraph\x94\x93\x94)\x81\x94}\x94(\x8c\x05graph\x94}\x94\x8c\x05_node\x94}\x94(K\x00}\x94(\x8c\x01x\x94G@6<px5_\xae\x8c\x01y\x94G@8'\xd7K\xe8\xca$\x8c\x05frame\x94G@tP\x00\x00\x00\x00\x00\x8c\nframeRelat\x94G?\xf0\x00\x00\x00\x00\x00\x00uK\x01}\x94(h\nG@7\x07Qj/O\xc8h\x0bG@8g\x83\xd4\x11Q\x90h\x0cG@x\x10\x00\x00\x00\x00\x00h\rG?\xf0\x00\x00\x00\x00\x00\x00uK\x02}\x94(h\nG@7\xca\xc8\xc5bA\xcdh\x0bG@81\x16\xe2A\xae\x91h\x0cG@\x80h\x00\x00\x00\x00\x00h\rG?\xf0\x00\x00\x00\x00\x00\x00uK\x03}\x94(h\nG@6<px5_\xaeh\x0bG@8'\xd7K\xe8\xca$h\x0cG@\x8d\x88\x00\x00\x00\x00\x00h\rG?\xf0\x00\x00\x00\x00\x00\x00uK\x04}\x94(h\nG@5\x99{\x02Y\xebRh\x0bG@8j\xbcm\xe2\xff\xc0h\x0cG@\x90\xa4\x00\x00\x00\x00\x00h\rG?\xf0\x00\x00\x00\x00\x00\x00uu\x8c\x04_adj\x94}\x94(K\x00}\x94K\x01}\x94(\x8c\x0ctimeFromLast\x94G@\xa7p\x00\x00\x00\x00\x00\x8c\x0cdistFromLast\x94G@VpC\xfa\xa9\xea\xc5usK\x01}\x94K\x02}\x94(h\x16G@\xbbX\x00\x00\x00\x00\x00h\x17G@Q,5\xc7,\xd0JusK\x02}\x94K\x03}\x94(h\x16G@\xd4\x82\x00\x00\x00\x00\x00h\x17G@_\xaacl5\xe6|usK\x03}\x94K\x04}\x94(h\x16G@\xb7p\x00\x00\x00\x00\x00h\x17G@P4Hq@G\x94usK\x04}\x94u\x8c\x05_succ\x94h\x13\x8c\x05_pred\x94}\x94(K\x00}\x94K\x01}\x94K\x00h\x15sK\x02}\x94K\x01h\x19sK\x03}\x94K\x02h\x1bsK\x04}\x94K\x03h\x1dsuub."""
116,50488,23.02858604102201,24.40435529158418,385,1,3000.0,89.75414911836113,2.0,-1.0,23.02858604102201,24.40435529158418,
117,50488,23.79212602280477,24.191755429301853,525,1,7000.0,68.69078235031444,3.0,-1.0,23.79212602280477,24.191755429301853,
118,50488,22.236091149359417,24.15562891419735,945,1,21000.0,126.66231827987389,1.0,0.0,22.347407408666825,24.41251434403596,
119,50488,21.599533221199927,24.41693770210236,1065,1,6000.0,64.81692153241448,4.0,-1.0,21.599533221199927,24.41693770210236,
120,152851,21.381682578514027,18.064799732786984,585,1,,,1.0,-1.0,21.381682578514027,18.064799732786984,b'\x80\x04\x95@\x02\x00\x00\x00\x00\x00\x00\x8c\x18networkx.classes.digraph\x94\x8c\x07DiGraph\x94\x93\x94)\x81\x94}\x94(\x8c\x05graph\x94}\x94\x8c\x05_node\x94}\x94(K\x00}\x94(\x8c\x01x\x94G@5a\xb5\xf3\x10+\xb3\x8c\x01y\x94G@2\x10\x96\xb7\x1d\x1c\x11\x8c\x05frame\x94G@\x82H\x00\x00\x00\x00\x00\x8c\nframeRelat\x94G?\xf0\x00\x00\x00\x00\x00\x00uK\x01}\x94(h\nG@3\xa6@\xb9\x90\xc5\xdah\x0bG@4\x8dM\xaf|{Sh\x0cG@\x87\xe8\x00\x00\x00\x00\x00h\rG?\xf0\x00\x00\x00\x00\x00\x00uK\x02}\x94(h\nG@5\x1c\xd7\xc6{S\x7fh\x0bG@3\x9a\xe0c\x9dg\x92h\x0cG@\x88\x88\x00\x00\x00\x00\x00h\rG?\xf0\x00\x00\x00\x00\x00\x00uK\x03}\x94(h\nG@6\x8er\x0e\xc7\xe2\\h\x0bG@2 *X5\xba\x1fh\x0cG@\x9a\xf4\x00\x00\x00\x00\x00h\rG?\xf0\x00\x00\x00\x00\x00\x00uK\x04}\x94(h\nG@6A\xd4\x92\x0b \xe5h\x0bG@2\xfbh\xfa\x92\xdd\xd6h\x0cG@\xa1\xb2\x00\x00\x00\x00\x00h\rG?\xf0\x00\x00\x00\x00\x00\x00uu\x8c\x04_adj\x94}\x94(K\x00}\x94K\x01}\x94(\x8c\x0ctimeFromLast\x94G@\xc1\x94\x00\x00\x00\x00\x00\x8c\x0cdistFromLast\x94G@pj\xee\x99\xc1l\xc7usK\x01}\x94K\x02}\x94(h\x16G@\x8f@\x00\x00\x00\x00\x00h\x17G@b\xe1\xc3h\xdc\xd7pusK\x02}\x94K\x03}\x94(h\x16G@\xe6\xf3\x00\x00\x00\x00\x00h\x17G@fd\xc0\x9eK\xfb\xb7usK\x03}\x94K\x04}\x94(h\x16G@\xda^\x00\x00\x00\x00\x00h\x17G@S\xa7\xfe\x82Q~\x9eusK\x04}\x94u\x8c\x05_succ\x94h\x13\x8c\x05_pred\x94}\x94(K\x00}\x94K\x01}\x94K\x00h\x15sK\x02}\x94K\x01h\x19sK\x03}\x94K\x02h\x1bsK\x04}\x94K\x03h\x1dsuub.'
121,152851,19.64942512306684,20.55196663655381,765,1,9000.0,262.68325210148436,2.0,-1.0,19.64942512306684,20.55196663655381,
122,152851,21.11266747008221,19.60498640625844,785,1,1000.0,151.0551037133514,3.0,-1.0,21.11266747008221,19.60498640625844,
123,152851,22.556427882957323,18.125646126858665,1725,1,47000.0,179.14851298180085,4.0,-1.0,22.556427882957323,18.125646126858665,
124,152851,22.25714981815044,18.982070599418726,2265,1,27000.0,78.62490900000054,5.0,-1.0,22.25714981815044,18.982070599418726,
125,197492,21.289898003534105,21.242035251979303,225,1,,,2.0,-1.0,21.289898003534105,21.242035251979303,"b""\x80\x04\x95\xb0\x03\x00\x00\x00\x00\x00\x00\x8c\x18networkx.classes.digraph\x94\x8c\x07DiGraph\x94\x93\x94)\x81\x94}\x94(\x8c\x05graph\x94}\x94\x8c\x05_node\x94}\x94(K\x00}\x94(\x8c\x01x\x94G@5J6\xc1lZ\xcc\x8c\x01y\x94G@5=\xf6\x05\xb3\xba\xf0\x8c\x05frame\x94G@l \x00\x00\x00\x00\x00\x8c\nframeRelat\x94G?\xf0\x00\x00\x00\x00\x00\x00uK\x01}\x94(h\nG@3\xee\xf6\xb6\xe2\x94\x0fh\x0bG@5\xb43x\x13\x8b\x1bh\x0cG@}\x10\x00\x00\x00\x00\x00h\rG?\xf0\x00\x00\x00\x00\x00\x00uK\x02}\x94(h\nG@49\xcc~\xdeG+h\x0bG@4\x8a<\x92\x1cn\xb8h\x0cG@\x80h\x00\x00\x00\x00\x00h\rG?\xf0\x00\x00\x00\x00\x00\x00uK\x03}\x94(h\nG@2\xf4\x07\x06\x91\xe1yh\x0bG@5\x8e\x04\xff_6\xa3h\x0cG@\x83\x88\x00\x00\x00\x00\x00h\rG?\xf0\x00\x00\x00\x00\x00\x00uK\x04}\x94(h\nG@3\xca\x94j\x10.sh\x0bG@6\xb5\xdd\xd5l\x11{h\x0cG@\x9f\x04\x00\x00\x00\x00\x00h\rG?\xf0\x00\x00\x00\x00\x00\x00uK\x05}\x94(h\nG@6\x93\xcf\x94\xe6\x97\xbeh\x0bG@6\x08lx\xd1\xf5\x8ah\x0cG@\xa1:\x00\x00\x00\x00\x00h\rG?\xf0\x00\x00\x00\x00\x00\x00uK\x06}\x94(h\nG@6\x93\xcf\x94\xe6\x97\xbeh\x0bG@6\x08lx\xd1\xf5\x8ah\x0cG@\xa1b\x00\x00\x00\x00\x00h\rG?\xf0\x00\x00\x00\x00\x00\x00uK\x07}\x94(h\nG@5\x8b\xadY\x0f\x88\xdch\x0bG@7 :>\xbdz\x8fh\x0cG@\xa2\xa2\x00\x00\x00\x00\x00h\rG?\xf0\x00\x00\x00\x00\x00\x00uK\x08}\x94(h\nG@4\x9dS\xa9\xbfLOh\x0bG@7'\\\xd7\xb2\xe5\x1dh\x0cG@\xa2\xca\x00\x00\x00\x00\x00h\rG?\xf0\x00\x00\x00\x00\x00\x00uu\x8c\x04_adj\x94}\x94(K\x00}\x94K\x01}\x94(\x8c\x0ctimeFromLast\x94G@\xc7p\x00\x00\x00\x00\x00\x8c\x0cdistFromLast\x94G@_\x0b\xf5\xee\x91n\xedusK\x01}\x94K\x02}\x94(h\x1aG@\xa7p\x00\x00\x00\x00\x00h\x1bG@Z\x00fPc\xd2XusK\x02}\x94K\x03}\x94(h\x1aG@\xb3\x88\x00\x00\x00\x00\x00h\x1bG@a\xa1\xee\x1a\xeb`UusK\x03}\x94K\x04}\x94(h\x1aG@\xf0\x9a\x00\x00\x00\x00\x00h\x1bG@^\xee7\xd5\xac\xb6xusK\x04}\x94K\x05}\x94(h\x1aG@\xc5|\x00\x00\x00\x00\x00h\x1bG@p\x88\xc6\x86\x9f\x8f\x99usK\x05}\x94K\x06}\x94(h\x1aG@\x8f@\x00\x00\x00\x00\x00h\x1bG@AlT\xf8\x93g\xfausK\x06}\x94K\x07}\x94(h\x1aG@\xbf@\x00\x00\x00\x00\x00h\x1bG@^cr\x16\xe7\xde\xf0usK\x07}\x94K\x08}\x94(h\x1aG@\x8f@\x00\x00\x00\x00\x00h\x1bG@T.\x92\x95\x1c\xef\xe2usK\x08}\x94u\x8c\x05_succ\x94h\x17\x8c\x05_pred\x94}\x94(K\x00}\x94K\x01}\x94K\x00h\x19sK\x02}\x94K\x01h\x1dsK\x03}\x94K\x02h\x1fsK\x04}\x94K\x03h!sK\x05}\x94K\x04h#sK\x06}\x94K\x05h%sK\x07}\x94K\x06h'sK\x08}\x94K\x07h)suub."""
126,197492,19.933452062909108,21.70391035534986,465,1,12000.0,124.1868854923484,3.0,-1.0,19.933452062909108,21.70391035534986,
127,197492,20.22577660490712,20.539986736241843,525,1,3000.0,104.00624475238999,4.0,-1.0,20.22577660490712,20.539986736241843,
128,197492,18.953232203116816,21.55476375650927,625,1,5000.0,141.06031557056363,5.0,-1.0,18.953232203116816,21.55476375650927,
129,197492,19.791327122641132,22.710416163333758,1985,1,68000.0,123.7221578776024,6.0,-1.0,19.791327122641132,22.710416163333758,
130,197492,22.57738619451242,22.032905150661044,2205,1,11000.0,264.5484682305192,1.0,0.0,22.77538371186102,22.06772848346819,
131,197492,22.57738619451242,22.032905150661044,2225,1,1000.0,34.84634310910765,1.0,0.0,22.379388677163817,21.9980818178539,
132,197492,21.54561382893813,23.12588874937006,2385,1,8000.0,121.5538384689678,7.0,-1.0,21.54561382893813,23.12588874937006,
133,197492,20.61455784721721,23.15376041524461,2405,1,1000.0,80.7276966841305,8.0,-1.0,20.61455784721721,23.15376041524461,
134,203621,18.559557383607515,21.140166573161142,305,1,,,1.0,0.0,18.339192224866668,21.29307984991972,"b'\x80\x04\x95h\x04\x00\x00\x00\x00\x00\x00\x8c\x18networkx.classes.digraph\x94\x8c\x07DiGraph\x94\x93\x94)\x81\x94}\x94(\x8c\x05graph\x94}\x94\x8c\x05_node\x94}\x94(K\x00}\x94(\x8c\x01x\x94G@2\x8f?\'\x16\xd4a\x8c\x01y\x94G@5#\xe1\xf4\xdf\xb81\x8c\x05frame\x94G@s\x10\x00\x00\x00\x00\x00\x8c\nframeRelat\x94G?\xf0\x00\x00\x00\x00\x00\x00uK\x01}\x94(h\nG@2\x90\x94\xa2\x1d\xcb\xbah\x0bG@6\xdc\xc2\xea\xeb\x8a\xa7h\x0cG@~P\x00\x00\x00\x00\x00h\rG?\xf0\x00\x00\x00\x00\x00\x00uK\x02}\x94(h\nG@2\xa3\xec\x12\xcb\xd1!h\x0bG@3\xae\xeaI\x8e\x8d\xb3h\x0cG@\x86\xa8\x00\x00\x00\x00\x00h\rG?\xf0\x00\x00\x00\x00\x00\x00uK\x03}\x94(h\nG@26\xbb\x9b\x1eg\x86h\x0bG@2acFWh\xa0h\x0cG@\x87H\x00\x00\x00\x00\x00h\rG?\xf0\x00\x00\x00\x00\x00\x00uK\x04}\x94(h\nG@2\x8f?\'\x16\xd4ah\x0bG@5#\xe1\xf4\xdf\xb81h\x0cG@\x96D\x00\x00\x00\x00\x00h\rG?\xf0\x00\x00\x00\x00\x00\x00uK\x05}\x94(h\nG@5\xdc\'\x84\x0b\xf1\nh\x0bG@8([G\xb1\x9e\rh\x0cG@\x96\x94\x00\x00\x00\x00\x00h\rG?\xf0\x00\x00\x00\x00\x00\x00uK\x06}\x94(h\nG@7qcC\xf3r""h\x0bG@1\xbd>x.*\xf2h\x0cG@\xa0r\x00\x00\x00\x00\x00h\rG?\xf0\x00\x00\x00\x00\x00\x00uK\x07}\x94(h\nG@6|\xe9\n\xdc\x15lh\x0bG@7\x82x\x84|t\xa0h\x0cG@\xa2R\x00\x00\x00\x00\x00h\rG?\xf0\x00\x00\x00\x00\x00\x00uK\x08}\x94(h\nG@7e\x07\x18~Hbh\x0bG@7\xc1\xf6\xc3f;0h\x0cG@\xa2\xa2\x00\x00\x00\x00\x00h\rG?\xf0\x00\x00\x00\x00\x00\x00uK\t}\x94(h\nG@6\xb6\xedu\xe3\xd9 h\x0bG@4\xb5\xb1\xa3%W_h\x0cG@\xa42\x00\x00\x00\x00\x00h\rG?\xf0\x00\x00\x00\x00\x00\x00uK\n}\x94(h\nG@7qcC\xf3r""h\x0bG@1\xbd>x.*\xf2h\x0cG@\xa4\xaa\x00\x00\x00\x00\x00h\rG?\xf0\x00\x00\x00\x00\x00\x00uu\x8c\x04_adj\x94}\x94(K\x00}\x94K\x01}\x94(\x8c\x0ctimeFromLast\x94G@\xc1\x94\x00\x00\x00\x00\x00\x8c\x0cdistFromLast\x94G@a,\xd7\x9c\x8ev\x00usK\x01}\x94K\x02}\x94(h\x1cG@\xc7p\x00\x00\x00\x00\x00h\x1dG@q9\x94\x81\x08\xc4\xdcusK\x02}\x94K\x03}\x94(h\x1cG@\x8f@\x00\x00\x00\x00\x00h\x1dG@]\xb3\xd3$\x05\xc6\xf8usK\x03}\x94K\x04}\x94(h\x1cG@\xe0\x9a\x00\x00\x00\x00\x00h\x1dG@l\xe6""\xcf\xfc\r\xc2usK\x04}\x94K\x05}\x94(h\x1cG@\x8f@\x00\x00\x00\x00\x00h\x1dG@w\xf1Vb\n\xf9\x91usK\x05}\x94K\x06}\x94(h\x1cG@\xe0\x1d\x00\x00\x00\x00\x00h\x1dG@\x81\x99A+*\xa0\xa6usK\x06}\x94K\x07}\x94(h\x1cG@\xc7p\x00\x00\x00\x00\x00h\x1dG@\x7f\x06\xca\xc9\\W!usK\x07}\x94K\x08}\x94(h\x1cG@\x9f@\x00\x00\x00\x00\x00h\x1dG@T]\xf8_\xb5)\xcausK\x08}\x94K\t}\x94(h\x1cG@\xc3\x88\x00\x00\x00\x00\x00h\x1dG@p\xeaeb\x02\xba\xd9usK\t}\x94K\n}\x94(h\x1cG@\xa7p\x00\x00\x00\x00\x00h\x1dG@q1\x8c\x08z\xdb\xa4usK\n}\x94u\x8c\x05_succ\x94h\x19\x8c\x05_pred\x94}\x94(K\x00}\x94K\x01}\x94K\x00h\x1bsK\x02}\x94K\x01h\x1fsK\x03}\x94K\x02h!sK\x04}\x94K\x03h#sK\x05}\x94K\x04h%sK\x06}\x94K\x05h\'sK\x07}\x94K\x06h)sK\x08}\x94K\x07h+sK\t}\x94K\x08h-sK\n}\x94K\th/suub.'"
135,203621,18.56476796367108,22.862349207406307,485,1,9000.0,137.40131976913835,3.0,-1.0,18.56476796367108,22.862349207406307,
136,203621,18.64032094455718,19.68326244097052,725,1,12000.0,275.5987558691538,4.0,-1.0,18.64032094455718,19.68326244097052,
137,203621,18.2138001393537,18.380421062793744,745,1,1000.0,118.80976200641805,5.0,-1.0,18.2138001393537,18.380421062793744,
138,203621,18.559557383607515,21.140166573161142,1425,1,34000.0,231.19174956540343,1.0,0.0,18.779922542348363,20.987253296402564,
139,203621,21.85997796336691,24.157642823089237,1445,1,1000.0,383.0835895947176,6.0,-1.0,21.85997796336691,24.157642823089237,
140,203621,23.442920920310037,17.739234458228516,2105,1,33000.0,563.1568206148411,2.0,1.0,23.52153356577265,17.875706199657788,
141,203621,22.487930945140235,23.50965145147768,2345,1,12000.0,496.4245084387822,7.0,-1.0,22.487930945140235,23.50965145147768,
142,203621,23.394639521437405,23.757671558817663,2385,1,2000.0,81.46828453723643,8.0,-1.0,23.394639521437405,23.757671558817663,
143,203621,22.71456085980128,20.70974177991536,2585,1,10000.0,270.6497516733776,9.0,-1.0,22.71456085980128,20.70974177991536,
144,203621,23.442920920310037,17.739234458228516,2645,1,3000.0,275.09668777457614,2.0,1.0,23.364308274847428,17.60276271679924,
145,158395,22.104216363679484,19.877141916305508,605,1,,,1.0,0.0,22.07639973605613,19.751452269223204,b'\x80\x04\x95\x9c\x02\x00\x00\x00\x00\x00\x00\x8c\x18networkx.classes.digraph\x94\x8c\x07DiGraph\x94\x93\x94)\x81\x94}\x94(\x8c\x05graph\x94}\x94\x8c\x05_node\x94}\x94(K\x00}\x94(\x8c\x01x\x94G@6\x1a\xad\xecq\xb6 \x8c\x01y\x94G@3\xe0\x8c_d{\xa1\x8c\x05frame\x94G@\x82\xe8\x00\x00\x00\x00\x00\x8c\nframeRelat\x94G?\xf0\x00\x00\x00\x00\x00\x00uK\x01}\x94(h\nG@6\x1a\xad\xecq\xb6 h\x0bG@3\xe0\x8c_d{\xa1h\x0cG@\x84(\x00\x00\x00\x00\x00h\rG?\xf0\x00\x00\x00\x00\x00\x00uK\x02}\x94(h\nG@5\x82m[?~jh\x0bG@2\x15\xb3\xc3\x17z\x95h\x0cG@\x88\x88\x00\x00\x00\x00\x00h\rG?\xf0\x00\x00\x00\x00\x00\x00uK\x03}\x94(h\nG@73)\xa9\x11\xcb\xd0h\x0bG@6\xe1\xf7\xc1\xc3<\xdfh\x0cG@\x93\xc4\x00\x00\x00\x00\x00h\rG?\xf0\x00\x00\x00\x00\x00\x00uK\x04}\x94(h\nG@4r\x8e\x1e^\x91\xd4h\x0bG@5K\xf6c\xf8\x9fOh\x0cG@\xa1\xb2\x00\x00\x00\x00\x00h\rG?\xf0\x00\x00\x00\x00\x00\x00uK\x05}\x94(h\nG@5$\x1d\x89\xdc\xd2\xf7h\x0bG@8I\xba+\x96\xe3\x11h\x0cG@\xa3B\x00\x00\x00\x00\x00h\rG?\xf0\x00\x00\x00\x00\x00\x00uu\x8c\x04_adj\x94}\x94(K\x00}\x94K\x01}\x94(\x8c\x0ctimeFromLast\x94G@\x9f@\x00\x00\x00\x00\x00\x8c\x0cdistFromLast\x94G@6P8\xfeu[\xd0usK\x01}\x94K\x02}\x94(h\x17G@\xbbX\x00\x00\x00\x00\x00h\x18G@e\xd8\x98{\x9b\xbaSusK\x02}\x94K\x03}\x94(h\x17G@\xd7p\x00\x00\x00\x00\x00h\x18G@{\x8d\xf1g/\x0cAusK\x03}\x94K\x04}\x94(h\x17G@\xe8j\x00\x00\x00\x00\x00h\x18G@q4\xe5\x10\xad\xee7usK\x04}\x94K\x05}\x94(h\x17G@\xc3\x88\x00\x00\x00\x00\x00h\x18G@p\xa1\xf0\xb7#\xafBusK\x05}\x94u\x8c\x05_succ\x94h\x14\x8c\x05_pred\x94}\x94(K\x00}\x94K\x01}\x94K\x00h\x16sK\x02}\x94K\x01h\x1asK\x03}\x94K\x02h\x1csK\x04}\x94K\x03h\x1esK\x05}\x94K\x04h suub.'
146,158395,22.104216363679484,19.877141916305508,645,1,2000.0,22.31336965909196,1.0,0.0,22.132032991302843,20.00283156338781,
147,158395,21.50948114681379,18.08477420161451,785,1,7000.0,174.76861362853614,2.0,-1.0,21.50948114681379,18.08477420161451,
148,158395,23.199854437680017,22.882686720052217,1265,1,24000.0,440.87143629434655,3.0,-1.0,23.199854437680017,22.882686720052217,
149,158395,20.44748105820493,21.296728370856098,2265,1,50000.0,275.30592410985577,4.0,-1.0,20.44748105820493,21.296728370856098,
150,158395,21.14107572213376,24.287996982896463,2465,1,10000.0,266.1212684053354,5.0,-1.0,21.14107572213376,24.287996982896463,
151,86793,21.602614494372126,22.39288538733502,785,1,,,1.0,-1.0,21.602614494372126,22.39288538733502,"b'\x80\x04\x95@\x02\x00\x00\x00\x00\x00\x00\x8c\x18networkx.classes.digraph\x94\x8c\x07DiGraph\x94\x93\x94)\x81\x94}\x94(\x8c\x05graph\x94}\x94\x8c\x05_node\x94}\x94(K\x00}\x94(\x8c\x01x\x94G@5\x9aD\xf1\x89l\x82\x8c\x01y\x94G@6d\x94#\x01\xae""\x8c\x05frame\x94G@\x88\x88\x00\x00\x00\x00\x00\x8c\nframeRelat\x94G?\xf0\x00\x00\x00\x00\x00\x00uK\x01}\x94(h\nG@5\xde\xc4\xb0[\xb5lh\x0bG@5\xb5\'\xe59\x0fJh\x0cG@\x8cH\x00\x00\x00\x00\x00h\rG?\xf0\x00\x00\x00\x00\x00\x00uK\x02}\x94(h\nG@2P2L\x1b\x10Vh\x0bG@3\xb5\xae\xa0\x7f\xc3\xe9h\x0cG@\x91D\x00\x00\x00\x00\x00h\rG?\xf0\x00\x00\x00\x00\x00\x00uK\x03}\x94(h\nG@4\xf3\xf5\x8e\x8c\x92uh\x0bG@5J\xfd\x93\xcdj\xc1h\x0cG@\x94d\x00\x00\x00\x00\x00h\rG?\xf0\x00\x00\x00\x00\x00\x00uK\x04}\x94(h\nG@7\t\xb8\x84#\xf5>h\x0bG@4\x8a\xcc\x9d<\t\x9fh\x0cG@\xa5r\x00\x00\x00\x00\x00h\rG?\xf0\x00\x00\x00\x00\x00\x00uu\x8c\x04_adj\x94}\x94(K\x00}\x94K\x01}\x94(\x8c\x0ctimeFromLast\x94G@\xb7p\x00\x00\x00\x00\x00\x8c\x0cdistFromLast\x94G@O\xe0\xa2\x8f\x02vgusK\x01}\x94K\x02}\x94(h\x16G@\xc3\x88\x00\x00\x00\x00\x00h\x17G@v\x19\x1a\xac\x8d\xba\x99usK\x02}\x94K\x03}\x94(h\x16G@\xc3\x88\x00\x00\x00\x00\x00h\x17G@p\xacI\x95\xbc\x08\xc0usK\x03}\x94K\x04}\x94(h\x16G@\xf1\x94\x00\x00\x00\x00\x00h\x17G@h\x01\xd8\x0ee\xf2\x11usK\x04}\x94u\x8c\x05_succ\x94h\x13\x8c\x05_pred\x94}\x94(K\x00}\x94K\x01}\x94K\x00h\x15sK\x02}\x94K\x01h\x19sK\x03}\x94K\x02h\x1bsK\x04}\x94K\x03h\x1dsuub.'"
152,86793,21.87018873442632,21.707640005522343,905,1,6000.0,63.75496089573135,2.0,-1.0,21.87018873442632,21.707640005522343,
153,86793,18.313267475707413,19.70969584578771,1105,1,10000.0,353.5690122162137,3.0,-1.0,18.313267475707413,19.70969584578771,
154,86793,20.952965649909363,21.29293178334297,1305,1,10000.0,266.76796506358005,4.0,-1.0,20.952965649909363,21.29293178334297,
155,86793,23.03797174337273,20.54218466487657,2745,1,72000.0,192.05762405310864,5.0,-1.0,23.03797174337273,20.54218466487657,
